exam_id,name_exam,sortA,sortB,sortC,sortD,sortE,year,month,day,lunar_date
0,1795년_식년시소과_초장,소과,진사,식년시,초시,초장,1795.0,8.0,19.0,1795-07-05
1,1393년_식년시소과_진사,소과,진사,식년시,복시,,1393.0,5.0,3.0,1393-03-14
2,1393년_식년시소과_생원,소과,생원,식년시,복시,,1393.0,6.0,24.0,1393-05-07
3,1396년_식년시소과_생원,소과,생원,식년시,복시,,1396.0,6.0,1.0,1396-04-17
4,1399년_식년시소과_생원,소과,생원,식년시,복시,,1399.0,5.0,1.0,1399-03-17
5,1399년_식년시소과_생원,소과,생원,식년시,복시,,1399.0,0.0,0.0,0000-00-00
6,1399년_식년시소과_진사,소과,진사,식년시,복시,,1399.0,0.0,0.0,0000-00-00
7,1401년_증광시소과_생원,소과,생원,증광시,복시,,1401.0,3.0,13.0,1401-02-20
8,1402년_식년시소과_생원,소과,생원,식년시,복시,,1402.0,2.0,10.0,1401-12-29
9,1405년_식년시소과_생원,소과,생원,식년시,복시,,1405.0,3.0,5.0,1405-01-25
10,1408년_식년시소과_생원,소과,생원,식년시,복시,,1408.0,2.0,8.0,1408-01-03
11,1411년_식년시소과_생원,소과,생원,식년시,복시,,1411.0,3.0,7.0,1411-02-04
12,1414년_식년시소과_생원_초시,소과,생원,식년시,초시,,1414.0,1.0,20.0,1413-12-20
13,1414년_식년시소과_생원_복시,소과,생원,식년시,복시,,1414.0,2.0,26.0,1414-01-27
14,1417년_식년시소과_생원,소과,생원,식년시,복시,,1417.0,2.0,12.0,1417-01-17
15,1419년_증광시소과_생원,소과,생원,증광시,복시,,1419.0,2.0,3.0,1418-12-30
16,1420년_식년시소과_생원,소과,생원,식년시,전시,,1420.0,1.0,13.0,1419-12-19
17,1423년_식년시소과_생원,소과,생원,식년시,복시,,1423.0,2.0,14.0,1422-12-24
18,1426년_식년시소과_생원,소과,생원,식년시,복시,,1426.0,2.0,21.0,1426-01-05
19,1429년_식년시소과_생원,소과,생원,식년시,복시,,1429.0,2.0,20.0,1429-01-08
20,1432년_식년시소과_생원,소과,생원,식년시,복시,,1432.0,3.0,9.0,1432-01-28
21,1435년_식년시소과_생원,소과,생원,식년시,복시,,1435.0,2.0,27.0,1435-01-21
22,1438년_식년시소과_진사,소과,진사,식년시,복시,,1438.0,2.0,7.0,1438-01-04
23,1438년_식년시소과_생원,소과,생원,식년시,복시,,1438.0,2.0,20.0,1438-01-17
24,1441년_식년시소과_진사,소과,진사,식년시,복시,,1441.0,2.0,10.0,1441-01-10
25,1441년_식년시소과_생원,소과,생원,식년시,복시,,1441.0,2.0,26.0,1441-01-26
26,1393년_식년시대과_전시,대과,,식년시,전시,,1393.0,6.0,13.0,1393-04-26
27,1396년_식년시대과_전시,대과,,식년시,전시,,1396.0,5.0,1.0,1396-03-16
28,1399년_식년시대과_전시,대과,,식년시,전시,,1399.0,4.0,5.0,1399-02-21
29,1401년_증광시대과_복시(전시),대과,,증광시,복시(전시),,1401.0,4.0,9.0,1401-03-17
30,1402년_식년시대과_복시,대과,,식년시,복시,,1402.0,3.0,16.0,1402-02-04
31,1402년_식년시대과_복시(전시),대과,,식년시,복시(전시),,1402.0,4.0,3.0,1402-02-22
32,1405년_식년시대과_복시,대과,,식년시,복시,,1405.0,4.0,21.0,1405-03-14
33,1405년_식년시대과_전시,대과,,식년시,복시(전시),,1405.0,4.0,27.0,1405-03-20
34,1407년_중시_초장,대과,,중시,전시,초장,1407.0,4.0,16.0,1407-02-29
35,1407년_중시_종장,대과,,중시,전시,종장,1407.0,4.0,18.0,1407-03-02
36,1408년_식년시대과_복시(전시),대과,,식년시,복시(전시),,1408.0,3.0,12.0,1408-02-06
37,1411년_식년시대과_복시,대과,,식년시,복시,,1411.0,4.0,1.0,1411-02-29
38,1411년_식년시대과_전시,대과,,식년시,복시(전시),,1411.0,4.0,5.0,1411-03-04
39,1414년_식년시대과_전시,대과,,식년시,복시(전시),,1414.0,3.0,9.0,1414-02-09
40,1414년_알성시,대과,,알성시,전시,,1414.0,7.0,17.0,1414-06-22
41,1416년_별시대과_초시,대과,,별시,초시,,1416.0,8.0,11.0,1416-07-10
42,1416년_별시대과_전시,대과,,별시,전시,,1416.0,8.0,15.0,1416-07-14
43,1416년_중시,대과,,중시,전시,,1416.0,8.0,15.0,1416-07-14
44,1417년_식년시대과_복시,대과,,식년시,복시,,1417.0,3.0,16.0,1417-02-19
45,1417년_식년시대과_복시(전시),대과,,식년시,복시(전시),,1417.0,4.0,8.0,1417-03-13
46,1419년_증광시대과_복시,대과,,증광시,복시,,1419.0,3.0,27.0,1419-02-22
47,1419년_증광시대과_전시,대과,,증광시,전시,,1419.0,3.0,29.0,1419-02-24
48,1420년_식년시대과_복시,대과,,식년시,복시,,1420.0,2.0,25.0,1420-01-03
49,1420년_식년시대과_복시(전시),대과,,식년시,복시(전시),,1420.0,3.0,18.0,1420-01-25
50,1423년_식년시대과_복시,대과,,식년시,복시(회시),,1423.0,3.0,23.0,1423-02-03
51,1423년_식년시대과_전시,대과,,식년시,전시,,1423.0,3.0,28.0,1423-02-08
52,1426년_식년시대과_전시,대과,,식년시,전시,,1426.0,4.0,11.0,1426-02-25
53,1427년_중시_초장,대과,,중시,전시,초장,1427.0,3.0,14.0,1427-02-08
54,1427년_별시대과_초장,대과,,별시,전시,초장,1427.0,3.0,14.0,1427-02-08
55,1427년_중시_종장,대과,,중시,전시,종장,1427.0,3.0,16.0,1427-02-10
56,1427년_별시대과_종장,대과,,별시,전시,종장,1427.0,3.0,16.0,1427-02-10
57,1429년_식년시대과_전시,대과,,식년시,전시,,1429.0,4.0,7.0,1429-02-25
58,1429년_알성시,대과,,알성시,전시,,1429.0,5.0,26.0,1429-04-15
59,1432년_식년시대과_전시,대과,,식년시,전시,,1432.0,4.0,14.0,1432-03-05
60,1434년_알성시,대과,,알성시,전시,,1434.0,3.0,8.0,1434-01-19
61,1435년_식년시대과_전시,대과,,식년시,전시,,1435.0,4.0,17.0,1435-03-10
62,1436년_중시,대과,,중시,전시,,1436.0,4.0,9.0,1436-03-14
63,1436년_별시대과,대과,,별시,전시,,1436.0,4.0,9.0,1436-03-14
64,1438년_식년시대과_전시,대과,,식년시,전시,,1438.0,4.0,11.0,1438-03-08
65,1439년_별시대과_전시,대과,,별시,전시,,1439.0,8.0,20.0,1439-07-02
66,1441년_식년시대과_전시,대과,,식년시,전시,,1441.0,5.0,16.0,1441-04-17
67,1442년_별시대과_전시,대과,,별시,전시,,1442.0,8.0,13.0,1442-06-28
68,1444년_식년시대과_전시,대과,,식년시,전시,,1444.0,5.0,13.0,1444-04-17
69,1447년_식년시소과_생원,소과,생원,식년시,,,1447.0,2.0,18.0,1447-01-24
70,1450년_식년시소과_생원,소과,생원,식년시,,,1450.0,9.0,5.0,1450-07-20
71,1451년_증광시소과_생원,소과,생원,증광시,,,1451.0,2.0,10.0,1450-12-30
72,1453년_증광시소과_생원,소과,생원,증광시,,,1453.0,2.0,10.0,1452-12-23
73,1453년_증광시소과_진사,소과,진사,증광시,,,1453.0,2.0,10.0,1452-12-23
74,1453년_식년시소과_생원,소과,생원,식년시,,,1453.0,9.0,4.0,1453-07-22
75,1453년_식년시소과_진사,소과,진사,식년시,,,1453.0,9.0,4.0,1453-07-22
76,1456년_식년시소과_생원,소과,생원,식년시,,,1456.0,1.0,25.0,1455-12-09
77,1456년_식년시소과_진사,소과,진사,식년시,,,1456.0,1.0,25.0,1455-12-09
78,1459년_식년시소과_생원,소과,생원,식년시,,,1459.0,2.0,15.0,1459-01-04
79,1459년_식년시소과_진사,소과,진사,식년시,,,1459.0,2.0,15.0,1459-01-04
80,1462년_식년시소과_생원,소과,생원,식년시,,,1462.0,8.0,14.0,1462-07-10
81,1462년_식년시소과_진사,소과,진사,식년시,,,1462.0,8.0,14.0,1462-07-10
82,1465년_식년시소과_생원,소과,생원,식년시,,,1465.0,1.0,27.0,1464-12-21
83,1465년_식년시소과_진사,소과,진사,식년시,,,1465.0,1.0,27.0,1464-12-21
84,1468년_식년시소과_생원,소과,생원,식년시,,,1468.0,2.0,25.0,1468-01-23
85,1468년_식년시소과_진사,소과,진사,식년시,,,1468.0,2.0,25.0,1468-01-23
86,1469년_증광시소과_생원,소과,생원,증광시,,,1469.0,9.0,7.0,1469-07-23
87,1469년_증광시소과_진사,소과,진사,증광시,,,1469.0,9.0,7.0,1469-07-23
88,1472년_식년시소과_생원,소과,생원,식년시,,,1472.0,2.0,10.0,1471-12-23
89,1472년_식년시소과_진사,소과,진사,식년시,,,1472.0,2.0,10.0,1471-12-23
90,1474년_식년시소과_생원,소과,생원,식년시,,,1474.0,2.0,14.0,1474-01-19
91,1474년_식년시소과_진사,소과,진사,식년시,,,1474.0,2.0,14.0,1474-01-19
92,1477년_식년시소과_생원,소과,생원,식년시,,,1477.0,2.0,20.0,1477-01-28
93,1477년_식년시소과_진사,소과,진사,식년시,,,1477.0,2.0,20.0,1477-01-28
94,1480년_식년시소과_생원,소과,생원,식년시,,,1480.0,2.0,24.0,1480-01-05
95,1480년_식년시소과_진사,소과,진사,식년시,,,1480.0,2.0,24.0,1480-01-05
96,1483년_식년시소과_생원,소과,생원,식년시,,,1483.0,2.0,14.0,1482-12-28
97,1483년_식년시소과_진사,소과,진사,식년시,,,1483.0,2.0,14.0,1482-12-28
98,1486년_식년시소과_생원,소과,생원,식년시,,,1486.0,9.0,15.0,1486-08-09
99,1486년_식년시소과_진사,소과,진사,식년시,,,1486.0,9.0,15.0,1486-08-09
100,1489년_식년시소과_생원,소과,생원,식년시,,,1489.0,3.0,7.0,1489-01-26
101,1489년_식년시소과_진사,소과,진사,식년시,,,1489.0,3.0,7.0,1489-01-26
102,1492년_식년시소과_생원,소과,생원,식년시,,,1492.0,4.0,5.0,1492-02-29
103,1492년_식년시소과_진사,소과,진사,식년시,,,1492.0,4.0,5.0,1492-02-29
104,1447년_식년시대과_전시,대과,,식년시,전시,,1447.0,4.0,3.0,1447-03-09
105,1447년_중시_전시,대과,,중시,전시,,1447.0,8.0,18.0,1447-06-28
106,1477년_친시대과_전시,대과,,친시,전시,,1447.0,8.0,19.0,1447-06-29
107,1450년_식년시대과_전시,대과,,식년시,전시,,1450.0,10.0,9.0,1450-08-25
108,1451년_증광시대과_전시,대과,,증광시,전시,,1451.0,4.0,9.0,1451-02-29
109,1453년_증광시대과_전시,대과,,증광시,전시,,1453.0,4.0,13.0,1453-02-26
110,1453년_식년시대과_전시,대과,,식년시,전시,,1453.0,11.0,1.0,1453-09-22
111,1454년_알성시대과_전시,대과,,알성시,전시,,1454.0,11.0,1.0,1454-10-02
112,1456년_식년시대과_전시,대과,,식년시,전시,,1456.0,2.0,25.0,1456-01-11
113,1456년_알성시대과_전시,대과,,알성시,전시,,1457.0,1.0,25.0,1456-12-21
114,1457년_중시_전시,대과,,중시,전시,,1457.0,2.0,5.0,1457-01-02
115,1457년_친시대과_전시,대과,,친시,전시,,1457.0,5.0,12.0,1457-04-10
116,1458년_알성시대과_전시,대과,,알성시,전시,,1458.0,2.0,25.0,1458-02-03
117,1459년_식년시대과_전시,대과,,식년시,전시,,1459.0,3.0,27.0,1459-02-14
118,1460년_춘당대시대과_전시,대과,,춘당대시,전시,,1460.0,7.0,7.0,1460-06-10
119,1460년_별시대과_전시,대과,,별시,전시,,1460.0,9.0,12.0,1460-08-19
120,1460년_평양별시대과_전시,대과,,별시,전시,,1460.0,10.0,22.0,1460-09-29
121,1461년_별시대과_전시,대과,,별시,전시,,1461.0,1.0,24.0,1460-12-04
122,1462년_알성시대과_전시,대과,,알성시,전시,,1462.0,8.0,25.0,1462-07-21
123,1462년_식년시대과_전시,대과,,식년시,전시,,1462.0,10.0,22.0,1462-09-21
124,1464년_온양별시대과_전시,대과,,온양별시,전시,,1464.0,3.0,4.0,1464-01-18
125,1465년_식년시대과_전시,대과,,식년시,전시,,1465.0,2.0,9.0,1465-01-05
126,1465년_별시대과_전시,대과,,별시,전시,,1465.0,7.0,5.0,1465-06-03
127,1466년_알성시대과_전시,대과,,알성시,전시,,1466.0,3.0,6.0,1466-02-11
128,1466년_중시_전시,대과,,중시,전시,,1466.0,3.0,6.0,1466-02-11
129,1466년_고성별시대과_전시,대과,,고성별시,전시,,1466.0,3.0,17.0,1466-02-22
130,1466년_발영시대과_전시,대과,,발영시,전시,,1466.0,5.0,5.0,1466-03-12
131,1466년_발영시대과_전시,대과,,발영시,전시,,1466.0,5.0,9.0,1466-03-16
132,1466년_등준시대과_전시,대과,,등준시,전시,,1466.0,7.0,23.0,1466-06-03
133,1468년_온양별시대과_전시,대과,,온양별시,전시,,1468.0,2.0,13.0,1468-01-11
134,1468년_중시_전시,대과,,중시,전시,,1468.0,2.0,13.0,1468-01-11
135,1468년_식년시대과_전시,대과,,중시,전시,,1468.0,4.0,2.0,1468-03-01
136,1469년_증광시대과_전시,대과,,증광시,전시,,1469.0,10.0,21.0,1469-09-08
137,1470년_별시대과_전시,대과,,별시,전시,,1470.0,10.0,21.0,1470-09-18
138,1471년_별시대과_전시,대과,,별시,전시,,1471.0,3.0,27.0,1471-02-27
139,1472년_식년시대과_전시,대과,,식년시,전시,,1472.0,3.0,6.0,1472-01-18
140,1474년_식년시대과_전시,대과,,식년시,전시,,1474.0,3.0,15.0,1474-02-19
141,1475년_알성시대과_전시,대과,,알성시,전시,,1475.0,3.0,5.0,1475-01-19
142,1476년_별시대과_전시,대과,,별시,전시,,1476.0,3.0,21.0,1476-02-17
143,1476년_중시_전시,대과,,중시,전시,,1476.0,3.0,27.0,1476-02-23
144,1477년_식년시대과_전시,대과,,식년시,전시,,1477.0,2.0,19.0,1477-01-27
145,1477년_알성시대과_전시,대과,,알성시,전시,,1477.0,8.0,3.0,1477-06-16
146,1478년_친시대과_전시,대과,,친시,전시,,1478.0,12.0,3.0,1478-11-01
147,1479년_별시대과_전시,대과,,별시,전시,,1479.0,2.0,8.0,1479-01-08
148,1479년_중시_전시,대과,,중시,전시,,1479.0,2.0,8.0,1479-01-08
149,1480년_알성시대과_전시,대과,,알성시,전시,,1480.0,2.0,7.0,1479-12-18
150,1480년_식년시대과_전시,대과,,식년시,전시,,1480.0,3.0,29.0,1480-02-10
151,1481년_친시대과_전시,대과,,친시,전시,,1481.0,9.0,29.0,1481-08-27
152,1482년_알성시대과_전시,대과,,알성시,전시,,1482.0,10.0,19.0,1482-08-28
153,1482년_진현시대과_전시,대과,,진현시,전시,,1482.0,10.0,25.0,1482-09-05
154,1483년_식년시대과_전시,대과,,식년시,전시,,1483.0,3.0,29.0,1483-02-12
155,1485년_알성시대과_전시,대과,,알성시,전시,,1485.0,5.0,26.0,1485-04-04
156,1486년_식년시대과_전시,대과,,식년시,전시,,1486.0,10.0,12.0,1486-09-06
157,1486년_중시_전시,대과,,중시,전시,,1486.0,10.0,24.0,1486-09-18
158,1487년_별시대과_전시,대과,,별시,전시,,1487.0,3.0,16.0,1487-02-13
159,1488년_알성시대과_전시,대과,,알성시,전시,,1488.0,4.0,26.0,1488-03-06
160,1489년_식년시대과_전시,대과,,식년시,전시,,1489.0,4.0,6.0,1489-02-27
161,1490년_별시대과_전시,대과,,별시,전시,,1490.0,11.0,8.0,1490-09-17
162,1491년_별시대과_전시,대과,,별시,전시,,1491.0,4.0,7.0,1491-02-20
163,1492년_식년시대과_전시,대과,,식년시,전시,,1492.0,4.0,24.0,1492-03-19
164,1492년_별시대과_전시,대과,,별시,전시,,1492.0,9.0,6.0,1492-08-06
165,1494년_별시대과_전시,대과,,별시,전시,,1494.0,4.0,12.0,1494-02-28
166,1495년_증광시소과_생원,소과,생원,증광시,,,1495.0,10.0,24.0,1495-09-27
167,1495년_증광시대과,대과,,증광시,,,1495.0,11.0,6.0,1495-10-11
168,1496년_식년시소과_생원,소과,생원,식년시,,,1496.0,3.0,3.0,1496-02-10
169,1496년_식년시대과,대과,,식년시,,,1496.0,4.0,8.0,1496-03-16
170,1497년_별시대과,대과,,별시,,,1497.0,9.0,4.0,1497-07-29
171,1497년_중시대과,대과,,중시,,,1497.0,9.0,10.0,1497-08-05
172,1498년_식년시소과_생원,소과,생원,식년시,,,1498.0,0.0,0.0,0000-00-00
173,,,,,,,1498.0,3.0,25.0,1498-02-24
174,1498년_별시대과_전시,대과,,별시,전시,,1498.0,9.0,3.0,1498-08-09
175,1501년_식년시소과_생원,소과,생원,식년시,,,1501.0,2.0,24.0,1501-01-27
176,1501년_식년시대과,대과,,식년시,,,1501.0,4.0,2.0,1501-03-05
177,1502년_알성시대과,대과,,알성시,,,1502.0,3.0,6.0,1502-01-18
178,1503년_별시대과,대과,,별시,,,1503.0,8.0,26.0,1503-07-25
179,1504년_식년시소과_초시,소과,생원,식년시,초시,,1504.0,8.0,1.0,1504-06-11
180,1504년_별시대과_초시,대과,,별시,초시,,1504.0,4.0,6.0,1504-03-12
181,1504년_식년시대과_초시,대과,,식년시,초시,,1504.0,9.0,6.0,1504-07-18
182,1504년_별시2대과,대과,,별시2,초시,,1504.0,11.0,22.0,1504-10-06
183,1506년_별시대과,대과,,별시,전시,,1506.0,4.0,15.0,1506-03-12
184,1506년_별시2대과,대과,,별시2,전시,,1506.0,5.0,26.0,1506-04-24
185,1507년_증광시소과_생원,소과,생원,증광시,초시,,1507.0,2.0,18.0,1507-01-27
186,1507년_증광시대과,대과,,증광시,초시,,1507.0,3.0,25.0,1507-02-02
187,1507년_식년시소과_생원,소과,생원,식년시,초시,,1507.0,9.0,7.0,1507-07-21
188,1507년_식년시대과_초시,대과,,식년시,초시,,1507.0,10.0,9.0,1507-08-23
189,1507년_중시대과_초시,대과,,중시,초시,,1507.0,10.0,9.0,1507-08-23
190,1508년_소과_생원,소과,생원,,,,1508.0,0.0,0.0,0000-00-00
191,1508년_알성시대과,대과,,알성시,,,1508.0,2.0,9.0,1507-12-28
192,1509년_별시대과,대과,,별시,,,1509.0,4.0,6.0,1509-03-07
193,1510년_식년시소과_생원,소과,생원,식년시,,,1510.0,2.0,25.0,1510-01-07
194,1510년_식년시대과,대과,,식년시,,,1510.0,3.0,22.0,1510-02-03
195,1511년_별시대과_전시,대과,,별시,전시,,1511.0,3.0,16.0,1511-02-07
196,1513년_별시대과_전시,대과,,별시,전시,,1513.0,2.0,26.0,1513-01-11
197,1513년_식년시소과_전시,소과,생원,식년시,전시,,1513.0,8.0,20.0,1513-07-10
198,1513년_식년시대과_전시,대과,,식년시,전시,,1513.0,9.0,11.0,1513-08-03
199,1514년_알성시대과,대과,,알성시,,,1514.0,5.0,6.0,1514-04-02
200,1514년_별시대과,대과,,별시,,,1514.0,9.0,18.0,1514-08-20
201,1515년_알성시대과,대과,,알성시,,,1515.0,8.0,19.0,1515-06-30
202,1516년_식년시소과_생원,소과,생원,식년시,,,1516.0,3.0,7.0,1516-01-24
203,1516년_식년시대과,대과,,식년시,,,1516.0,3.0,25.0,1516-02-13
204,1516년_별시대과,대과,,별시,,,1516.0,9.0,6.0,1516-07-30
205,1516년_중시대과,대과,,중시,,,1516.0,9.0,16.0,1516-08-10
206,1517년_별시대과,대과,,별시,,,1517.0,10.0,25.0,1517-10-01
207,1519년_식년시소과__복시,소과,생원,식년시,복시,초장,1519.0,2.0,13.0,1519-01-04
208,1519년_식년시대과,대과,,식년시,,,1519.0,3.0,19.0,1519-02-09
209,1519년_현량과대과,대과,,현량과,,,1519.0,4.0,13.0,1519-03-05
210,1519년_별시대과,대과,,별시,,,1519.0,10.0,17.0,1519-09-14
211,1520년_별시대과_전시,대과,,별시,전시,,1520.0,9.0,10.0,1520-08-19
212,1521년_별시대과,대과,,별시,,,1521.0,12.0,18.0,1521-11-10
213,1522년_식년시소과_초시,소과,생원,식년시,초시,,1522.0,2.0,21.0,1522-01-15
214,1522년_식년시대과_초시,대과,,식년시,초시,,1522.0,3.0,26.0,1522-02-19
215,1522년_별시대과_초시,대과,,별시,초시,,1522.0,11.0,4.0,1522-10-07
216,1523년_알성시대과,대과,,알성시,,,1523.0,3.0,27.0,1523-03-01
217,1524년_별시대과_초시,대과,,별시,초시,,1524.0,2.0,19.0,1524-01-06
218,1525년_식년시소과_초시,소과,생원,식년시,초시,,1525.0,2.0,21.0,1525-01-20
219,,,,,,,1525.0,3.0,25.0,1525-02-22
220,1526년_별시대과_전시,대과,,별시,전시,,1526.0,9.0,26.0,1526-08-10
221,1526년_중시대과_전시,대과,,중시,전시,,1526.0,10.0,17.0,1526-09-02
222,1528년_식년시소과_생원,소과,생원,식년시,,,1528.0,2.0,24.0,1528-01-24
223,1528년_별시대과_초시,대과,,별시,초시,,1528.0,9.0,24.0,1528-09-01
224,1528년_식년시대과,대과,,식년시,,,1528.0,4.0,11.0,1528-03-13
225,1528년_여주별시대과_전시,대과,,여주별시,전시,,1528.0,10.0,15.0,1528-09-22
226,1531년_식년시소과_복시,소과,생원,식년시,복시,초장,1531.0,8.0,15.0,1531-06-23
227,1531년_식년시대과,대과,,식년시,,,1531.0,10.0,8.0,1531-08-18
228,1532년_별시대과_초시,대과,,별시,초시,,1532.0,2.0,9.0,1531-12-24
229,1532년_별시2대과,대과,,별시2,,,1532.0,10.0,17.0,1532-09-09
230,1533년_별시대과_전시,대과,,별시,전시,,1533.0,5.0,7.0,1533-04-04
231,1534년_식년시소과_초시,소과,생원,식년시,초시,,1534.0,2.0,2.0,1534-01-10
232,1534년_식년시대과_초시,대과,,식년시,초시,,1534.0,3.0,8.0,1534-02-14
233,1534년_알성시대과_초시,대과,,알성시,초시,,1534.0,8.0,28.0,1534-07-09
234,1535년_별시대과,대과,,별시,,,1535.0,2.0,2.0,1534-12-20
235,1535년_알성시대과,대과,,알성시,,,1535.0,9.0,3.0,1535-07-26
236,1535년_개성별시대과,대과,,개성별시,,,1535.0,9.0,16.0,1535-08-10
237,1536년_별시대과_초시,대과,,별시,초시,,1536.0,2.0,28.0,1536-01-27
238,1536년_중시대과_초시,대과,,중시,초시,,1536.0,3.0,9.0,1536-02-08
239,1536년_친시대과_초시,대과,,친시,초시,,1536.0,8.0,11.0,1536-07-15
240,1537년_식년시소과_생원,소과,생원,식년시,,,1537.0,0.0,0.0,0000-00-00
241,1537년_식년시대과,대과,,식년시,,,1537.0,9.0,10.0,1537-07-26
242,1537년_별시대과,대과,,별시,,,1537.0,10.0,7.0,1537-08-24
243,1538년_알성시대과_초시,대과,,알성시,초시,,1538.0,3.0,9.0,1538-01-28
244,1538년_별시대과_초시,대과,,별시,초시,,1538.0,9.0,12.0,1538-08-10
245,1538년_탁영시대과_초시,대과,,탁영시,초시,,1538.0,9.0,21.0,1538-08-19
246,1539년_별시대과,대과,,별시,,,1539.0,5.0,1.0,1539-04-04
247,1539년_별시2대과,대과,,별시2,,,1539.0,11.0,24.0,1539-10-04
248,1540년_식년시소과_생원,소과,생원,식년시,,,1540.0,2.0,23.0,1540-01-06
249,1540년_식년시대과,대과,,식년시,,,1540.0,3.0,21.0,1540-02-03
250,1540년_별시대과,대과,,별시,,,1540.0,10.0,1.0,1540-08-21
251,1541년_알성시대과,대과,,알성시,,,1541.0,10.0,29.0,1541-10-01
252,1542년_정시대과,대과,,정시,,,1542.0,11.0,12.0,1542-09-25
253,1543년_식년시소과_생원,소과,생원,식년시,,,1543.0,8.0,24.0,1543-07-14
254,1543년_식년시대과,대과,,식년시,,,1543.0,9.0,11.0,1543-08-03
255,1544년_별시대과,대과,,별시,,,1544.0,9.0,15.0,1544-08-19
256,1546년_증광시소과_전시,소과,생원,증광시,전시,,1546.0,4.0,15.0,1546-03-05
257,1546년_증광시대과_전시,대과,,증광시,전시,,1546.0,4.0,24.0,1546-03-14
258,1546년_식년시소과_전시,소과,생원,식년시,전시,,1546.0,9.0,19.0,1546-08-15
259,1546년_식년시대과_전시,대과,,식년시,전시,,1546.0,10.0,8.0,1546-09-04
260,1546년_중시대과_전시,대과,,중시,전시,,1546.0,10.0,11.0,1546-09-07
261,1547년_알성시대과_전시,대과,,알성시,전시,,1547.0,9.0,25.0,1547-09-02
262,1548년_별시대과_전시,대과,,별시,전시,,1548.0,10.0,5.0,1548-08-24
263,1549년_식년시소과_생원,소과,생원,식년시,,,1549.0,9.0,9.0,1549-08-08
264,1549년_식년시대과,대과,,식년시,,,1549.0,9.0,27.0,1549-08-26
265,1551년_알성시대과,대과,,알성시,,,1551.0,4.0,12.0,1551-02-27
266,1552년_식년시소과__복시,소과,생원,식년시,복시,초장,1552.0,3.0,8.0,1552-02-04
267,1552년_식년시대과,대과,,식년시,,,1552.0,4.0,2.0,1552-02-29
268,1553년_별시대과,대과,,별시,,,1553.0,3.0,26.0,1553-03-03
269,1553년_친시대과,대과,,친시,,,1553.0,8.0,24.0,1553-07-06
270,1555년_식년시소과_전시,소과,생원,식년시,전시,,1555.0,3.0,1.0,1555-01-28
271,1555년_식년시대과,대과,,식년시,,,1555.0,4.0,6.0,1555-03-05
272,1556년_별시대과_전시,대과,,별시,전시,,1556.0,2.0,4.0,1555-12-14
273,1556년_중시대과_전시,대과,,중시,전시,,1556.0,2.0,12.0,1555-12-22
274,1556년_알성시대과,대과,,알성시,,,1556.0,7.0,17.0,1556-06-01
275,1558년_별시대과,대과,,별시,,,1558.0,8.0,6.0,1558-07-13
276,1558년_식년시소과_생원,소과,생원,식년시,,,1558.0,10.0,10.0,1558-08-19
277,1558년_식년시대과,대과,,식년시,,,1558.0,10.0,28.0,1558-09-08
278,1559년_정시대과_전시,대과,,정시,전시,,1559.0,9.0,20.0,1559-08-09
279,1560년_별시대과,대과,,별시,,,1560.0,9.0,26.0,1560-08-27
280,1561년_식년시대과_전시,대과,,식년시,전시,,1561.0,9.0,25.0,1561-08-07
281,1561년_식년시소과_생원,소과,생원,식년시,,,1561.0,8.0,19.0,1561-06-29
282,1562년_별시대과,대과,,별시,,,1562.0,3.0,18.0,1562-02-04
283,1563년_정시소과_생원,소과,생원,정시,,,1563.0,0.0,0.0,0000-00-00
284,1563년_알성시대과,대과,,알성시,,,1563.0,3.0,3.0,1563-01-29
285,1564년_식년시소과_복시,소과,생원,식년시,복시,종장,1564.0,7.0,20.0,1564-06-03
286,1564년_식년시대과,대과,,식년시,,,1564.0,8.0,24.0,1564-07-08
287,1564년_별시대과,대과,,별시,,,1564.0,10.0,7.0,1564-08-23
288,1565년_알성시대과,대과,,알성시,,,1565.0,3.0,20.0,1565-02-09
289,1566년_별시대과,대과,,별시,,,1566.0,10.0,20.0,1566-09-28
290,1566년_중시대과,대과,,중시,,,1566.0,10.0,27.0,1566-10-05
291,1567년_식년시소과_생원,소과,생원,식년시,,,1567.0,10.0,19.0,1567-09-08
292,1567년_식년시대과,대과,,식년시,,,1567.0,11.0,10.0,1567-09-30
293,1568년_증광시소과_생원,소과,생원,증광시,,,1568.0,4.0,10.0,1568-03-03
294,1568년_증광시대과,대과,,증광시,,,1568.0,6.0,18.0,1568-05-13
295,1569년_정시소과_생원,소과,생원,정시,,,1569.0,0.0,0.0,0000-00-00
296,1569년_알성시대과,대과,,알성시,,,1569.0,9.0,25.0,1569-08-05
297,1569년_별시대과,대과,,별시,,,1569.0,10.0,21.0,1569-09-02
298,1570년_식년시소과_생원,소과,생원,식년시,,,1570.0,2.0,18.0,1570-01-04
299,1570년_식년시대과,대과,,식년시,,,1570.0,3.0,22.0,1570-02-06
300,1572년_춘당대시대과,대과,,춘당대시,,,1572.0,3.0,10.0,1572-02-16
301,1572년_별시대과,대과,,별시,,,1572.0,3.0,20.0,1572-02-26
302,1572년_별시2대과_초시,대과,,별시2,초시,,1572.0,12.0,2.0,1572-10-17
303,1573년_식년시소과_초시,소과,생원,식년시,초시,,1573.0,2.0,24.0,1573-01-13
304,1573년_식년시대과_전시,대과,,식년시,전시,,1573.0,3.0,13.0,1573-01-30
305,1573년_알성시대과,대과,,알성시,,,1573.0,9.0,26.0,1573-08-21
306,1574년_별시대과,대과,,별시,,,1574.0,9.0,13.0,1574-08-19
307,1576년_식년시소과_생원,소과,생원,식년시,,,1576.0,2.0,16.0,1576-01-07
308,1576년_식년시대과,대과,,식년시,,,1576.0,3.0,22.0,1576-02-12
309,1576년_별시대과_복시,대과,,별시,복시,,1576.0,9.0,29.0,1576-08-27
310,1576년_중시대과,대과,,중시,,,1576.0,10.0,10.0,1576-09-09
311,1577년_알성시대과,대과,,알성시,,,1577.0,9.0,9.0,1577-08-17
312,1579년_식년시소과_초시,소과,생원,식년시,초시,초장,1579.0,4.0,2.0,1579-02-27
313,1579년_식년시대과_전시,대과,,식년시,전시,,1579.0,5.0,8.0,1579-04-03
314,1580년_알성시대과,대과,,알성시,,,1580.0,2.0,25.0,1580-02-01
315,1580년_별시대과_전시,대과,,별시,전시,,1580.0,3.0,18.0,1580-02-23
316,1582년_식년시소과_생원,소과,생원,식년시,,,1582.0,2.0,28.0,1582-01-26
317,1582년_식년시대과_전시,대과,,식년시,전시,,1582.0,3.0,20.0,1582-02-16
318,1583년_정시소과,소과,,정시,,,1583.0,0.0,0.0,0000-00-00
319,1583년_알성시대과,대과,,알성시,,,1583.0,4.0,4.0,1583-02-12
320,1583년_별시대과_전시,대과,,별시,전시,,1583.0,8.0,28.0,1583-07-12
321,1583년_정시대과,대과,,정시,,,1583.0,12.0,12.0,1583-10-29
322,1584년_정시소과_생원,소과,생원,정시,,,1584.0,0.0,0.0,0000-00-00
323,1584년_친시대과,대과,,친시,,,1584.0,3.0,13.0,1584-02-02
324,1584년_별시대과_전시,대과,,별시,전시,,1584.0,8.0,17.0,1584-07-12
325,1585년_식년시소과_복시,소과,생원,식년시,복시,종장,1585.0,8.0,24.0,1585-07-29
326,1585년_식년시대과,대과,,식년시,,,1585.0,9.0,28.0,1585-09-06
327,1585년_별시대과,대과,,별시,,,1585.0,10.0,16.0,1585-09-24
328,1586년_알성시대과,대과,,알성시,,,1586.0,9.0,9.0,1586-07-26
329,1586년_별시대과_전시,대과,,별시,전시,,1586.0,9.0,19.0,1586-08-07
330,1586년_중시대과,대과,,중시,,,1586.0,9.0,29.0,1586-08-17
331,1588년_식년시소과_복시,소과,생원,식년시,복시,초장,1588.0,2.0,24.0,1588-01-28
332,1588년_식년시대과,대과,,식년시,,,1588.0,3.0,16.0,1588-02-20
333,1588년_알성시대과,대과,,알성시,,,1588.0,5.0,29.0,1588-05-05
334,1589년_증광시소과_복시,소과,생원,증광시,복시,초장,1589.0,3.0,17.0,1589-02-02
335,1589년_증광시대과,대과,,증광시,,,1589.0,5.0,1.0,1589-03-17
336,1590년_증광시대과,대과,,증광시,,,1590.0,10.0,1.0,1590-09-03
337,1590년_증광시소과_생원,소과,생원,증광시,,,1590.0,10.0,6.0,1590-09-08
338,,,,,,,1591.0,8.0,1.0,1591-06-13
339,1591년_식년시대과_전시,대과,,식년시,전시,,1591.0,9.0,1.0,1591-07-14
340,1591년_별시대과,대과,,별시,,,1591.0,10.0,1.0,1591-08-15
341,1592년_용만별시대과,대과,,용만별시,,,1592.0,7.0,3.0,1592-05-24
342,1593년_전주별시대과,대과,,전주별시,,,1593.0,12.0,26.0,1593-11-04
343,1594년_정시대과,대과,,정시,,,1594.0,2.0,29.0,0000-00-00
344,1594년_정시2대과,대과,,정시2,,,1594.0,10.0,19.0,1594-09-06
345,1594년_별시대과,대과,,별시,,,1594.0,11.0,23.0,1594-10-12
346,1595년_해주별시대과,대과,,해주별시,전시,,1595.0,11.0,6.0,1595-10-05
347,1595년_별시대과,대과,,별시,전시,,1595.0,12.0,28.0,1595-11-28
348,1596년_정시대과,대과,,정시,전시,,1596.0,10.0,26.0,1596-09-06
349,1597년_별시대과,대과,,별시,전시,,1597.0,3.0,17.0,1597-01-30
350,1597년_중시대과,대과,,중시,전시,,1597.0,4.0,2.0,1597-02-16
351,1597년_정시대과,대과,,정시,전시,,1597.0,4.0,4.0,1597-02-18
352,1597년_알성시대과,대과,,알성시,전시,,1597.0,4.0,8.0,1597-02-22
353,1599년_정시대과,대과,,정시,전시,,1599.0,3.0,17.0,1599-02-21
354,1599년_별시대과,대과,,별시,전시,,1599.0,7.0,26.0,1599-06-05
355,1600년_별시대과,대과,,별시,전시,,1600.0,4.0,17.0,1600-03-05
356,1601년_식년시소과_초장,소과,진사,식년시,초시,초장,1601.0,5.0,23.0,1601-04-22
357,1601년_식년시소과_종장,소과,생원,식년시,초시,종장,1601.0,5.0,23.0,1601-04-22
358,1601년_식년시소과_초장,소과,진사,식년시,복시,초장,1601.0,5.0,23.0,1601-04-22
359,1601년_식년시소과_종장,소과,생원,식년시,복시,종장,1601.0,5.0,23.0,1601-04-22
360,1601년_식년시대과,대과,,식년시,전시,,1601.0,5.0,23.0,1601-04-22
361,1602년_알성시대과,대과,,알성시,전시,,1602.0,9.0,9.0,1602-07-24
362,1602년_별시대과,대과,,별시,전시,,1602.0,10.0,1.0,1602-08-16
363,1603년_정시대과,대과,,정시,전시,,1603.0,1.0,8.0,1602-11-27
364,1603년_식년시대과,대과,,식년시,복시,,1603.0,10.0,11.0,1603-09-07
365,1603년_식년시소과_초장,소과,진사,식년시,초시,초장,1603.0,9.0,1.0,1603-07-26
366,1603년_식년시소과_종장,소과,생원,식년시,초시,종장,1603.0,9.0,1.0,1603-07-26
367,1603년_식년시소과_초장,소과,진사,식년시,복시,초장,1603.0,9.0,1.0,1603-07-26
368,1605년_증광시소과_초장,소과,진사,증광시,초시,초장,1605.0,2.0,14.0,1604-12-27
369,1605년_증광시소과_종장,소과,생원,증광시,초시,종장,1605.0,2.0,14.0,1604-12-27
370,1605년_증광시소과_초장,소과,진사,증광시,복시,초장,1605.0,2.0,14.0,1604-12-27
371,1605년_증광시소과_종장,소과,생원,증광시,복시,종장,1605.0,2.0,14.0,1604-12-27
372,1605년_증광시대과,대과,,증광시,복시,,1605.0,4.0,1.0,1605-02-14
373,1605년_정시대과,대과,,정시,전시,,1605.0,6.0,25.0,1605-05-10
374,1605년_별시대과,대과,,별시,전시,,1605.0,12.0,17.0,1605-11-08
375,1606년_식년시대과,대과,,식년시,전시,,1606.0,10.0,1.0,1606-08-30
376,1606년_증광시대과,대과,,증광시,전시,,1606.0,10.0,9.0,1606-09-08
377,1606년_증광시소과_초장,소과,진사,증광시,초시,초장,1606.0,9.0,10.0,1606-08-09
378,1606년_증광시소과_종장,소과,생원,증광시,초시,종장,1606.0,9.0,10.0,1606-08-09
379,1606년_증광시소과_초장,소과,진사,증광시,복시,초장,1606.0,9.0,10.0,1606-08-09
380,1606년_증광시소과_종장,소과,생원,증광시,복시,종장,1606.0,9.0,10.0,1606-08-09
381,1606년_식년시소과_초장,소과,진사,식년시,초시,초장,1606.0,11.0,6.0,1606-10-07
382,1606년_식년시소과_종장,소과,생원,식년시,초시,종장,1606.0,11.0,6.0,1606-10-07
383,1606년_식년시소과_초장,소과,진사,식년시,복시,초장,1606.0,11.0,6.0,1606-10-07
384,1606년_식년시소과_종장,소과,생원,식년시,복시,종장,1606.0,11.0,6.0,1606-10-07
385,1608년_별시대과,대과,,별시,전시,,1608.0,12.0,25.0,1608-11-19
386,1608년_중시대과,대과,,중시,전시,,1608.0,12.0,25.0,1608-11-19
387,1609년_증광시소과_초장,소과,진사,증광시,초시,초장,1609.0,2.0,1.0,1608-12-27
388,1609년_증광시소과_종장,소과,생원,증광시,초시,종장,1609.0,2.0,1.0,1608-12-27
389,1609년_증광시소과_초장,소과,진사,증광시,복시,초장,1609.0,2.0,1.0,1608-12-27
390,1609년_증광시소과_종장,소과,생원,증광시,복시,종장,1609.0,2.0,1.0,1608-12-27
391,1609년_증광시대과,대과,,증광시,전시,,1609.0,10.0,14.0,1609-09-17
392,1610년_식년시소과_초장,소과,진사,식년시,초시,초장,1610.0,3.0,6.0,1610-02-12
393,1610년_식년시소과_종장,소과,생원,식년시,초시,종장,1610.0,3.0,6.0,1610-02-12
394,1610년_식년시소과_초장,소과,진사,식년시,복시,초장,1610.0,3.0,6.0,1610-02-12
395,1610년_식년시소과_종장,소과,생원,식년시,복시,종장,1610.0,3.0,6.0,1610-02-12
396,1610년_식년시대과,대과,,식년시,전시,,1610.0,5.0,1.0,1610-03-09
397,1610년_알성시대과,대과,,알성시,전시,,1610.0,9.0,9.0,1610-07-22
398,1610년_별시대과,대과,,별시,전시,,1610.0,10.0,22.0,1610-09-06
399,1611년_별시대과,대과,,별시,전시,,1611.0,3.0,17.0,1611-02-04
400,1612년_식년시소과_초장,소과,진사,식년시,초시,초장,1612.0,3.0,13.0,1612-02-11
401,1612년_식년시소과_종장,소과,생원,식년시,초시,종장,1612.0,3.0,13.0,1612-02-11
402,1612년_식년시소과_초장,소과,진사,식년시,복시,초장,1612.0,3.0,13.0,1612-02-11
403,1612년_식년시소과_종장,소과,생원,식년시,복시,종장,1612.0,3.0,13.0,1612-02-11
404,1612년_식년시대과,대과,,식년시,전시,,1612.0,4.0,21.0,1612-03-21
405,1612년_증광시소과_초장,소과,진사,증광시,초시,초장,1612.0,8.0,1.0,1612-07-05
406,1612년_증광시소과_종장,소과,생원,증광시,초시,종장,1612.0,8.0,1.0,1612-07-05
407,1612년_증광시소과_초장,소과,진사,증광시,복시,초장,1612.0,8.0,1.0,1612-07-05
408,1612년_증광시소과_종장,소과,생원,증광시,복시,종장,1612.0,8.0,1.0,1612-07-05
409,1612년_증광시대과,대과,,증광시,전시,,1612.0,9.0,9.0,1612-08-15
410,1613년_알성시대과,대과,,알성시,전시,,1613.0,4.0,18.0,1613-02-29
411,1613년_증광시소과_초장,소과,진사,증광시,초시,초장,1613.0,9.0,1.0,1613-07-17
412,1613년_증광시소과_종장,소과,생원,증광시,초시,종장,1613.0,9.0,1.0,1613-07-17
413,1613년_증광시소과_초장,소과,진사,증광시,복시,초장,1613.0,9.0,1.0,1613-07-17
414,1613년_증광시소과_종장,소과,생원,증광시,복시,종장,1613.0,9.0,1.0,1613-07-17
415,1613년_증광시대과,대과,,증광시,전시,,1613.0,10.0,10.0,1613-08-27
416,1614년_전주별시대과,대과,,전주별시,전시,,1614.0,11.0,20.0,1614-10-19
417,1615년_식년시소과_초장,소과,진사,식년시,초시,초장,1615.0,3.0,1.0,1615-02-02
418,1615년_식년시소과_종장,소과,생원,식년시,초시,종장,1615.0,3.0,1.0,1615-02-02
419,1615년_식년시소과_초장,소과,진사,식년시,복시,초장,1615.0,3.0,1.0,1615-02-02
420,1615년_식년시소과_종장,소과,생원,식년시,복시,종장,1615.0,3.0,1.0,1615-02-02
421,1615년_식년시대과,대과,,식년시,전시,,1615.0,4.0,19.0,1615-03-22
422,1615년_알성시대과,대과,,알성시,전시,,1615.0,9.0,21.0,1615-08-29
423,1616년_증광시소과_초장,소과,진사,증광시,초시,초장,1616.0,3.0,7.0,1616-01-20
424,1616년_증광시소과_종장,소과,생원,증광시,초시,종장,1616.0,3.0,7.0,1616-01-20
425,1616년_증광시소과_초장,소과,진사,증광시,복시,초장,1616.0,3.0,7.0,1616-01-20
426,1616년_증광시소과_종장,소과,생원,증광시,복시,종장,1616.0,3.0,7.0,1616-01-20
427,1616년_증광시대과,대과,,증광시,전시,,1616.0,4.0,5.0,1616-02-19
428,1616년_알성시대과,대과,,알성시,전시,,1616.0,8.0,10.0,1616-06-28
429,1616년_중시대과,대과,,중시,전시,,1616.0,10.0,1.0,1616-08-21
430,1616년_별시대과,대과,,별시,전시,,1616.0,10.0,1.0,1616-08-21
431,1617년_알성시대과,대과,,알성시,전시,,1617.0,9.0,24.0,1617-08-25
432,1617년_증광시소과_초장,소과,진사,증광시,초시,초장,1617.0,12.0,17.0,1617-11-20
433,1617년_증광시소과_종장,소과,생원,증광시,초시,종장,1617.0,12.0,17.0,1617-11-20
434,1617년_증광시소과_초장,소과,진사,증광시,복시,초장,1617.0,12.0,17.0,1617-11-20
435,1617년_증광시소과_종장,소과,생원,증광시,복시,종장,1617.0,12.0,17.0,1617-11-20
436,1618년_정시대과,대과,,정시,전시,,1618.0,7.0,27.0,1618-06-06
437,1618년_식년시소과_초장,소과,진사,식년시,초시,초장,1618.0,9.0,29.0,1618-08-11
438,1618년_식년시소과_종장,소과,생원,식년시,초시,종장,1618.0,9.0,29.0,1618-08-11
439,1618년_식년시소과_초장,소과,진사,식년시,복시,초장,1618.0,9.0,29.0,1618-08-11
440,1618년_식년시소과_종장,소과,생원,식년시,복시,종장,1618.0,9.0,29.0,1618-08-11
441,1618년_증광시대과,대과,,증광시,전시,,1618.0,10.0,19.0,1618-09-02
442,1619년_수원개성별시대과,대과,,수원개성별시,전시,,1619.0,8.0,26.0,1619-07-17
443,1619년_알성시대과,대과,,알성시,전시,,1619.0,10.0,16.0,1619-09-10
444,1619년_정시대과,대과,,정시,전시,,1619.0,12.0,28.0,1619-11-23
445,1620년_정시대과,대과,,정시,전시,,1620.0,7.0,13.0,1620-06-14
446,1621년_정시대과,대과,,정시,전시,,1621.0,9.0,24.0,1621-08-09
447,1621년_알성시대과,대과,,알성시,전시,,1621.0,10.0,9.0,1621-08-24
448,1621년_별시대과,대과,,별시,전시,,1621.0,10.0,20.0,1621-09-06
449,1623년_알성시대과,대과,,알성시,전시,,1623.0,5.0,2.0,1623-04-04
450,1623년_정시대과,대과,,정시,전시,,1623.0,5.0,13.0,1623-04-15
451,1623년_개시대과,대과,,개시,전시,,1623.0,8.0,12.0,1623-07-17
452,1624년_공주정시대과,대과,,공주정시,전시,,1624.0,2.0,15.0,1623-12-27
453,1624년_별시대과,대과,,별시,전시,,1624.0,4.0,28.0,1624-03-11
454,1624년_증광시소과_초장,소과,진사,증광시,초시,초장,1624.0,8.0,11.0,1624-06-28
455,1624년_증광시소과_종장,소과,생원,증광시,초시,종장,1624.0,8.0,11.0,1624-06-28
456,1624년_증광시소과_초장,소과,진사,증광시,복시,초장,1624.0,8.0,11.0,1624-06-28
457,1624년_증광시소과_종장,소과,생원,증광시,복시,종장,1624.0,8.0,11.0,1624-06-28
458,1624년_증광시대과,대과,,증광시,전시,,1624.0,9.0,28.0,1624-08-16
459,1624년_식년시소과_초장,소과,진사,식년시,초시,초장,1624.0,10.0,13.0,1624-09-02
460,1624년_식년시소과_종장,소과,생원,식년시,초시,종장,1624.0,10.0,13.0,1624-09-02
461,1624년_식년시소과_초장,소과,진사,식년시,복시,초장,1624.0,10.0,13.0,1624-09-02
462,1624년_식년시소과_종장,소과,생원,식년시,복시,종장,1624.0,10.0,13.0,1624-09-02
463,1624년_알성시대과,대과,,알성시,전시,,1624.0,10.0,19.0,1624-09-08
464,1624년_식년시대과,대과,,식년시,전시,,1624.0,11.0,5.0,1624-09-25
465,1625년_별시대과,대과,,별시,전시,,1625.0,9.0,13.0,1625-08-12
466,1626년_별시대과,대과,,별시,전시,,1626.0,7.0,26.0,1626-06-04
467,1626년_정시대과,대과,,정시,전시,,1626.0,8.0,18.0,1626-06-27
468,1626년_중시대과,대과,,중시,전시,,1626.0,8.0,23.0,1626-07-02
469,1627년_전주별시대과,대과,,전주별시,전시,,1627.0,2.0,28.0,1627-01-13
470,1627년_강화정시대과,대과,,강화정시,전시,,1627.0,3.0,11.0,1627-01-24
471,1627년_정시대과,대과,,정시,전시,,1627.0,7.0,29.0,1627-06-17
472,1627년_식년시소과_초장,소과,진사,식년시,초시,초장,1627.0,8.0,4.0,1627-06-23
473,1627년_식년시소과_종장,소과,생원,식년시,초시,종장,1627.0,8.0,4.0,1627-06-23
474,1627년_식년시소과_초장,소과,진사,식년시,복시,초장,1627.0,8.0,4.0,1627-06-23
475,1627년_식년시소과_종장,소과,생원,식년시,복시,종장,1627.0,8.0,4.0,1627-06-23
476,1627년_식년시대과,대과,,식년시,전시,,1627.0,9.0,6.0,1627-07-27
477,1628년_별시대과,대과,,별시,전시,,1628.0,5.0,8.0,1628-04-05
478,1628년_별시대과,대과,,별시,전시,,1628.0,9.0,20.0,1628-08-23
479,1628년_알성시대과,대과,,알성시,전시,,1628.0,9.0,25.0,1628-08-28
480,1629년_별시대과,대과,,별시,전시,,1629.0,10.0,22.0,1629-09-07
481,1629년_정시대과,대과,,정시,전시,,1629.0,11.0,7.0,1629-09-23
482,1630년_식년시소과_초장,소과,진사,식년시,초시,초장,1630.0,2.0,12.0,1630-01-01
483,1630년_식년시소과_종장,소과,생원,식년시,초시,종장,1630.0,2.0,14.0,1630-01-03
484,1630년_식년시소과_초장,소과,진사,식년시,복시,초장,1630.0,2.0,12.0,1630-01-01
485,1630년_식년시대과,대과,,식년시,전시,,1630.0,3.0,16.0,1630-02-03
486,1630년_별시대과,대과,,별시,전시,,1630.0,10.0,1.0,1630-08-25
487,1631년_별시대과,대과,,별시,전시,,1631.0,8.0,30.0,1631-08-04
488,1632년_알성시대과,대과,,알성시,전시,,1632.0,3.0,18.0,1632-01-28
489,1633년_증광시소과_초장,소과,진사,증광시,초시,초장,1633.0,1.0,26.0,1632-12-17
490,1633년_증광시소과_종장,소과,생원,증광시,초시,종장,1633.0,1.0,28.0,1632-12-19
491,1633년_증광시소과_초장,소과,진사,증광시,복시,초장,1633.0,3.0,16.0,1633-02-07
492,1633년_증광시소과_종장,소과,생원,증광시,복시,종장,1633.0,3.0,18.0,1633-02-09
493,1633년_증광시대과,대과,,증광시,전시,,1633.0,4.0,19.0,1633-03-12
494,1633년_식년시소과_초장,소과,진사,식년시,초시,초장,1633.0,10.0,10.0,1633-09-08
495,1633년_식년시소과_종장,소과,생원,식년시,초시,종장,1633.0,10.0,10.0,1633-09-08
496,1633년_식년시소과_초장,소과,진사,식년시,복시,초장,1633.0,10.0,10.0,1633-09-08
497,1633년_식년시소과_종장,소과,생원,식년시,복시,종장,1633.0,10.0,10.0,1633-09-08
498,1633년_식년시대과,대과,,식년시,전시,,1633.0,11.0,17.0,1633-10-16
499,1634년_별시대과,대과,,별시,전시,,1634.0,3.0,14.0,1634-02-15
500,1635년_알성시대과,대과,,알성시,전시,,1635.0,9.0,4.0,1635-07-23
501,1635년_증광시소과_초장,소과,진사,증광시,초시,초장,1635.0,10.0,4.0,1635-08-24
502,1635년_증광시소과_종장,소과,생원,증광시,초시,종장,1635.0,10.0,4.0,1635-08-24
503,1635년_증광시소과_초장,소과,진사,증광시,복시,초장,1635.0,10.0,4.0,1635-08-24
504,1635년_증광시소과_종장,소과,생원,증광시,복시,종장,1635.0,10.0,4.0,1635-08-24
505,1635년_증광시대과,대과,,증광시,전시,,1635.0,10.0,21.0,1635-09-11
506,1636년_별시대과,대과,,별시,전시,,1636.0,11.0,23.0,1636-10-26
507,1636년_중시대과,대과,,중시,전시,,1636.0,12.0,12.0,1636-11-16
508,1637년_정시대과,대과,,정시,전시,,1637.0,8.0,18.0,1637-06-28
509,1637년_별시대과,대과,,별시,전시,,1637.0,8.0,24.0,1637-07-05
510,1638년_정시대과,대과,,정시,전시,,1638.0,3.0,28.0,1638-02-13
511,1639년_알성시대과,대과,,알성시,전시,,1639.0,3.0,10.0,1639-02-06
512,1639년_식년시소과_초장,소과,진사,식년시,초시,초장,1639.0,9.0,1.0,1639-08-04
513,1639년_식년시소과_종장,소과,생원,식년시,초시,종장,1639.0,9.0,1.0,1639-08-04
514,1639년_식년시소과_초장,소과,진사,식년시,복시,초장,1639.0,9.0,1.0,1639-08-04
515,1639년_식년시소과_종장,소과,생원,식년시,복시,종장,1639.0,9.0,1.0,1639-08-04
516,1639년_별시대과,대과,,별시,전시,,1639.0,9.0,10.0,1639-08-13
517,1639년_식년시대과,대과,,식년시,전시,,1639.0,10.0,1.0,1639-09-05
518,1641년_정시대과,대과,,정시,전시,,1641.0,9.0,20.0,1641-08-16
519,1642년_식년시소과_초장,소과,진사,식년시,초시,초장,1642.0,2.0,8.0,1642-01-10
520,1642년_식년시소과_종장,소과,생원,식년시,초시,종장,1642.0,2.0,8.0,1642-01-10
521,1642년_식년시소과_초장,소과,진사,식년시,복시,초장,1642.0,2.0,8.0,1642-01-10
522,1642년_식년시소과_종장,소과,생원,식년시,복시,종장,1642.0,2.0,8.0,1642-01-10
523,1642년_식년시대과,대과,,식년시,전시,,1642.0,3.0,22.0,1642-02-22
524,1642년_정시대과,대과,,정시,전시,,1642.0,9.0,16.0,1642-08-23
525,1643년_관서별시대과,대과,,관서별시,전시,,1643.0,2.0,28.0,1643-01-10
526,1644년_정시대과,대과,,정시,전시,,1644.0,9.0,1.0,1644-08-01
527,1644년_별시대과,대과,,별시,전시,,1644.0,10.0,3.0,1644-09-03
528,1645년_별시대과,대과,,별시,전시,,1645.0,11.0,6.0,1645-09-19
529,1646년_식년시소과_초장,소과,진사,식년시,초시,초장,1646.0,3.0,1.0,1646-01-14
530,1646년_식년시소과_종장,소과,생원,식년시,초시,종장,1646.0,3.0,1.0,1646-01-14
531,1646년_식년시소과_초장,소과,진사,식년시,복시,초장,1646.0,3.0,1.0,1646-01-14
532,1646년_식년시소과_종장,소과,생원,식년시,복시,종장,1646.0,3.0,1.0,1646-01-14
533,1646년_식년시대과,대과,,식년시,전시,,1646.0,4.0,16.0,1646-03-01
534,1646년_중시대과,대과,,중시,전시,,1646.0,9.0,20.0,1646-08-12
535,1646년_정시대과,대과,,정시,전시,,1646.0,10.0,6.0,1646-08-28
536,1648년_식년시소과_초장,소과,진사,식년시,초시,초장,1648.0,7.0,13.0,1648-05-23
537,1648년_식년시소과_종장,소과,생원,식년시,초시,종장,1648.0,7.0,15.0,1648-05-25
538,1648년_식년시소과_초장,소과,진사,식년시,복시,초장,1648.0,8.0,18.0,1648-06-30
539,1648년_식년시소과_종장,소과,생원,식년시,복시,종장,1648.0,8.0,18.0,1648-06-30
540,1648년_정시대과,대과,,정시,전시,,1648.0,8.0,25.0,1648-07-07
541,1648년_식년시대과,대과,,식년시,전시,,1648.0,11.0,2.0,1648-09-18
542,1649년_별시대과,대과,,별시,전시,,1649.0,3.0,25.0,1649-02-13
543,1649년_정시대과,대과,,정시,전시,,1649.0,4.0,4.0,1649-02-23
544,1650년_증광시소과_초장,소과,진사,증광시,초시,초장,1650.0,8.0,12.0,1650-07-16
545,1650년_증광시소과_종장,소과,생원,증광시,초시,종장,1650.0,8.0,14.0,1650-07-18
546,1650년_증광시소과_초장,소과,진사,증광시,복시,초장,1650.0,11.0,26.0,1650-11-03
547,1650년_증광시소과_종장,소과,생원,증광시,복시,종장,1650.0,11.0,28.0,1650-11-05
548,1650년_증광시대과,대과,,증광시,전시,,1650.0,12.0,22.0,1650-11-29
549,1651년_정시대과,대과,,정시,전시,,1651.0,3.0,28.0,1651-02-08
550,1651년_식년시소과_초장,소과,진사,식년시,초시,초장,1651.0,4.0,2.0,1651-02-13
551,1651년_식년시소과_종장,소과,생원,식년시,초시,종장,1651.0,4.0,4.0,1651-02-15
552,1651년_식년시소과_초장,소과,진사,식년시,복시,초장,1651.0,7.0,19.0,1651-06-03
553,1651년_식년시소과_종장,소과,생원,식년시,복시,종장,1651.0,7.0,19.0,1651-06-03
554,1651년_식년시대과,대과,,식년시,전시,,1651.0,9.0,12.0,1651-07-28
555,1651년_알성시대과,대과,,알성시,전시,,1651.0,9.0,18.0,1651-08-04
556,1651년_별시대과_초장,대과,,별시,초시,초장,1651.0,11.0,4.0,1651-09-22
557,1651년_별시대과_종장,대과,,별시,초시,종장,1651.0,11.0,4.0,1651-09-22
558,1651년_별시대과,대과,,별시,전시,,1651.0,11.0,4.0,1651-09-22
559,1652년_증광시대과,대과,,증광시,전시,,1652.0,10.0,24.0,1652-09-23
560,1652년_증광시소과_초장,소과,진사,증광시,초시,초장,1652.0,9.0,14.0,1652-08-12
561,1652년_증광시소과_종장,소과,생원,증광시,초시,종장,1652.0,9.0,16.0,1652-08-14
562,1652년_증광시소과_초장,소과,진사,증광시,복시,초장,1652.0,9.0,14.0,1652-08-12
563,1652년_증광시소과_종장,소과,생원,증광시,복시,종장,1652.0,9.0,14.0,1652-08-12
564,1653년_알성시대과,대과,,알성시,전시,,1653.0,8.0,17.0,1653-07-25
565,1653년_별시대과_초장,대과,,별시,초시,초장,1653.0,11.0,16.0,1653-09-27
566,1653년_별시대과_종장,대과,,별시,초시,종장,1653.0,11.0,16.0,1653-09-27
567,1653년_별시대과,대과,,별시,전시,,1653.0,11.0,16.0,1653-09-27
568,1654년_춘당대시대과,대과,,춘당대시,전시,,1654.0,3.0,11.0,1654-01-23
569,1654년_식년시소과_초장,소과,진사,식년시,초시,초장,1654.0,8.0,7.0,1654-06-25
570,1654년_식년시소과_종장,소과,생원,식년시,초시,종장,1654.0,8.0,9.0,1654-06-27
571,1654년_식년시소과_초장,소과,진사,식년시,복시,초장,1654.0,8.0,7.0,1654-06-25
572,1654년_식년시소과_종장,소과,생원,식년시,복시,종장,1654.0,8.0,7.0,1654-06-25
573,1654년_식년시대과,대과,,식년시,전시,,1654.0,10.0,1.0,1654-08-21
574,1655년_춘당대시대과,대과,,춘당대시,전시,,1655.0,4.0,11.0,1655-03-05
575,1656년_별시대과,대과,,별시,전시,,1656.0,8.0,24.0,1656-07-05
576,1656년_중시대과,대과,,중시,전시,,1656.0,9.0,1.0,1656-07-13
577,1657년_식년시소과_초장,소과,진사,식년시,초시,초장,1657.0,8.0,1.0,1657-06-22
578,1657년_식년시소과_종장,소과,생원,식년시,초시,종장,1657.0,8.0,1.0,1657-06-22
579,1657년_식년시소과_초장,소과,진사,식년시,복시,초장,1657.0,8.0,1.0,1657-06-22
580,1657년_식년시소과_종장,소과,생원,식년시,복시,종장,1657.0,8.0,1.0,1657-06-22
581,1657년_식년시대과,대과,,식년시,전시,,1657.0,9.0,13.0,1657-08-06
582,1657년_알성시대과,대과,,알성시,전시,,1657.0,9.0,17.0,1657-08-10
583,1660년_식년시소과_초장,소과,진사,식년시,초시,초장,1660.0,2.0,8.0,1659-12-28
584,,,,,,,1660.0,2.0,8.0,1659-12-28
585,1660년_식년시소과_초장,소과,진사,식년시,복시,초장,1660.0,3.0,21.0,1660-02-11
586,1660년_식년시소과_종장,소과,생원,식년시,복시,종장,1660.0,3.0,23.0,1660-02-13
587,1660년_식년시대과,대과,,식년시,전시,,1660.0,4.0,30.0,1660-03-21
588,1660년_증광시소과_초장,소과,진사,증광시,초시,초장,1660.0,9.0,4.0,1660-07-30
589,1660년_증광시소과_종장,소과,생원,증광시,초시,종장,1660.0,9.0,4.0,1660-07-30
590,1660년_증광시소과_초장,소과,진사,증광시,복시,초장,1660.0,9.0,4.0,1660-07-30
591,1660년_증광시소과_종장,소과,생원,증광시,복시,종장,1660.0,9.0,6.0,1660-08-02
592,1660년_증광시대과,대과,,증광시,전시,,1660.0,11.0,12.0,1660-10-10
593,1661년_증광시소과_초장,소과,진사,증광시,초시,초장,1661.0,10.0,16.0,1661-08-24
594,1661년_증광시소과_종장,소과,생원,증광시,초시,종장,1661.0,10.0,18.0,1661-08-26
595,1662년_증광시소과_초장,소과,진사,증광시,복시,초장,1662.0,2.0,9.0,1661-12-21
596,1662년_증광시소과_종장,소과,생원,증광시,복시,종장,1662.0,2.0,11.0,1661-12-23
597,1662년_증광시대과,대과,,증광시,전시,,1662.0,3.0,15.0,1662-01-26
598,1662년_정시대과,대과,,정시,전시,,1662.0,10.0,24.0,1662-09-13
599,1662년_식년시소과_초장,소과,진사,식년시,초시,초장,1662.0,8.0,18.0,1662-07-05
600,1662년_식년시소과_종장,소과,생원,식년시,초시,종장,1662.0,8.0,20.0,1662-07-07
601,1663년_식년시소과_초장,소과,진사,식년시,복시,초장,1663.0,2.0,19.0,1663-01-12
602,1663년_식년시소과_종장,소과,생원,식년시,복시,종장,1663.0,2.0,21.0,1663-01-14
603,1663년_식년시대과,대과,,식년시,전시,,1663.0,4.0,5.0,1663-02-27
604,1664년_춘당대시대과,대과,,춘당대시,전시,,1664.0,4.0,13.0,1664-03-18
605,1664년_함경도별시대과,대과,,함경도별시,전시,,1664.0,8.0,20.0,1664-06-29
606,1665년_정시대과,대과,,정시,전시,,1665.0,4.0,12.0,1665-02-27
607,1665년_온양정시대과,대과,,온양정시,전시,,1665.0,4.0,28.0,1665-03-14
608,1665년_별시대과,대과,,별시,전시,,1665.0,10.0,25.0,1665-09-17
609,1666년_식년시소과_초장,소과,진사,식년시,초시,초장,1666.0,1.0,26.0,1665-12-22
610,1666년_식년시소과_종장,소과,생원,식년시,초시,종장,1666.0,1.0,26.0,1665-12-22
611,1666년_식년시소과_초장,소과,진사,식년시,복시,초장,1666.0,1.0,26.0,1665-12-22
612,1666년_식년시소과_종장,소과,생원,식년시,복시,종장,1666.0,1.0,26.0,1665-12-22
613,1666년_식년시대과,대과,,식년시,전시,,1666.0,3.0,4.0,1666-01-29
614,1666년_온양별시대과,대과,,온양별시,전시,,1666.0,4.0,10.0,1666-03-07
615,1666년_별시대과,대과,,별시,전시,,1666.0,9.0,22.0,1666-08-24
616,1666년_중시대과,대과,,중시,전시,,1666.0,9.0,29.0,1666-09-02
617,1668년_별시대과,대과,,별시,전시,,1668.0,11.0,12.0,1668-10-09
618,1668년_정시대과,대과,,정시,전시,,1668.0,12.0,22.0,1668-11-19
619,1669년_평안도별시대과,대과,,평안도별시,전시,,1669.0,3.0,10.0,1669-02-09
620,1669년_식년시소과_초장,소과,진사,식년시,초시,초장,1669.0,2.0,8.0,1669-01-08
621,1669년_식년시소과_종장,소과,생원,식년시,초시,종장,1669.0,2.0,10.0,1669-01-10
622,1669년_식년시소과_초장,소과,진사,식년시,복시,초장,1669.0,4.0,22.0,1669-03-22
623,1669년_식년시소과_종장,소과,생원,식년시,복시,종장,1669.0,4.0,24.0,1669-03-24
624,1669년_식년시대과,대과,,식년시,전시,,1669.0,6.0,1.0,1669-05-03
625,1669년_정시대과,대과,,정시,전시,,1669.0,10.0,7.0,1669-09-13
626,1670년_별시대과,대과,,별시,전시,,1670.0,11.0,1.0,1670-09-19
627,1671년_정시대과,대과,,정시,전시,,1671.0,11.0,29.0,1671-10-28
628,1672년_별시대과,대과,,별시,전시,,1672.0,10.0,21.0,1672-09-01
629,1672년_식년시소과_초장,소과,진사,식년시,초시,초장,1672.0,8.0,25.0,1672-07-03
630,1672년_식년시소과_종장,소과,생원,식년시,초시,종장,1672.0,8.0,27.0,1672-07-05
631,1673년_식년시소과_초장,소과,진사,식년시,복시,초장,1673.0,2.0,19.0,1673-01-03
632,1673년_식년시소과_종장,소과,생원,식년시,복시,종장,1673.0,2.0,21.0,1673-01-05
633,1673년_춘당대시대과,대과,,춘당대시,전시,,1673.0,3.0,26.0,1673-02-09
634,1673년_식년시대과,대과,,식년시,전시,,1673.0,4.0,3.0,1673-02-17
635,1675년_식년시소과_초장,소과,진사,식년시,초시,초장,1675.0,3.0,27.0,1675-03-02
636,1675년_식년시소과_종장,소과,생원,식년시,초시,종장,1675.0,3.0,27.0,1675-03-02
637,1675년_식년시소과_초장,소과,진사,식년시,복시,초장,1675.0,3.0,27.0,1675-03-02
638,1675년_식년시소과_종장,소과,생원,식년시,복시,종장,1675.0,3.0,27.0,1675-03-02
639,1675년_식년시대과,대과,,식년시,전시,,1675.0,5.0,14.0,1675-04-20
640,1675년_증광시소과_초장,소과,진사,증광시,초시,초장,1675.0,8.0,24.0,1675-07-04
641,1675년_증광시소과_종장,소과,생원,증광시,초시,종장,1675.0,8.0,26.0,1675-07-06
642,1675년_증광시소과_초장,소과,진사,증광시,복시,초장,1675.0,10.0,7.0,1675-08-19
643,1675년_증광시소과_종장,소과,생원,증광시,복시,종장,1675.0,10.0,9.0,1675-08-21
644,1675년_증광시대과,대과,,증광시,전시,,1675.0,10.0,30.0,1675-09-12
645,1676년_정시대과,대과,,정시,전시,,1676.0,1.0,26.0,1675-12-12
646,1676년_증광시소과_초장,소과,진사,증광시,초시,초장,1676.0,10.0,27.0,1676-09-21
647,1676년_증광시소과_종장,소과,생원,증광시,초시,종장,1676.0,10.0,29.0,1676-09-23
648,1677년_증광시소과_초장,소과,진사,증광시,복시,초장,1677.0,2.0,4.0,1677-01-03
649,1677년_증광시소과_종장,소과,생원,증광시,복시,종장,1677.0,2.0,6.0,1677-01-05
650,1677년_알성시대과,대과,,알성시,전시,,1677.0,3.0,26.0,1677-02-23
651,1678년_증광시대과,대과,,증광시,전시,,1678.0,3.0,28.0,1678-03-06
652,1678년_정시대과,대과,,정시,전시,,1678.0,3.0,2.0,1678-02-10
653,1679년_정시대과,대과,,정시,전시,,1679.0,10.0,4.0,1679-08-30
654,1679년_중시대과,대과,,중시,전시,,1679.0,10.0,18.0,1679-09-14
655,1679년_식년시소과_초장,소과,진사,식년시,초시,초장,1679.0,8.0,10.0,1679-07-05
656,1679년_식년시소과_종장,소과,생원,식년시,초시,종장,1679.0,8.0,12.0,1679-07-07
657,1679년_식년시소과_초장,소과,진사,식년시,복시,초장,1679.0,10.0,24.0,1679-09-20
658,1679년_식년시소과_종장,소과,생원,식년시,복시,종장,1679.0,10.0,26.0,1679-09-22
659,1679년_식년시대과,대과,,식년시,전시,,1679.0,10.0,30.0,1679-09-26
660,1680년_춘당대시대과,대과,,춘당대시,전시,,1680.0,6.0,8.0,1680-05-12
661,1680년_정시대과,대과,,정시,전시,,1680.0,9.0,10.0,1680-08-18
662,1680년_별시대과,대과,,별시,전시,,1680.0,9.0,15.0,1680-08-23
663,1681년_알성시대과,대과,,알성시,전시,,1681.0,9.0,10.0,1681-07-28
664,1681년_식년시소과_초장,소과,진사,식년시,초시,초장,1681.0,10.0,4.0,1681-08-23
665,1681년_식년시소과_종장,소과,생원,식년시,초시,종장,1681.0,10.0,4.0,1681-08-23
666,1681년_식년시소과_초장,소과,진사,식년시,복시,초장,1681.0,10.0,4.0,1681-08-23
667,1681년_식년시소과_종장,소과,생원,식년시,복시,종장,1681.0,10.0,4.0,1681-08-23
668,1681년_식년시대과,대과,,식년시,전시,,1681.0,12.0,1.0,1681-10-22
669,1682년_춘당대시대과,대과,,춘당대시,전시,,1682.0,4.0,18.0,1682-03-11
670,1682년_증광시소과_초장,소과,진사,증광시,초시,초장,1682.0,8.0,19.0,1682-07-17
671,1682년_증광시소과_종장,소과,생원,증광시,초시,종장,1682.0,8.0,19.0,1682-07-17
672,1682년_증광시소과_초장,소과,진사,증광시,복시,초장,1682.0,8.0,19.0,1682-07-17
673,1682년_증광시소과_종장,소과,생원,증광시,복시,종장,1682.0,8.0,19.0,1682-07-17
674,1682년_증광시대과,대과,,증광시,전시,,1682.0,11.0,14.0,1682-10-16
675,1683년_증광시소과_초장,소과,진사,증광시,초시,초장,1683.0,10.0,3.0,1683-08-13
676,1683년_증광시소과_종장,소과,생원,증광시,초시,종장,1683.0,10.0,3.0,1683-08-13
677,1683년_증광시소과_초장,소과,진사,증광시,복시,초장,1683.0,10.0,3.0,1683-08-13
678,1683년_증광시소과_종장,소과,생원,증광시,복시,종장,1683.0,10.0,3.0,1683-08-13
679,1683년_증광시대과,대과,,증광시,전시,,1683.0,11.0,21.0,1683-10-04
680,1684년_정시대과,대과,,정시,전시,,1684.0,9.0,26.0,1684-08-18
681,1684년_식년시소과_초장,소과,진사,식년시,초시,초장,1684.0,8.0,10.0,1684-06-30
682,1684년_식년시소과_종장,소과,생원,식년시,초시,종장,1684.0,8.0,12.0,1684-07-02
683,1684년_식년시소과_초장,소과,진사,식년시,복시,초장,1684.0,10.0,2.0,1684-08-24
684,1684년_식년시소과_종장,소과,생원,식년시,복시,종장,1684.0,10.0,4.0,1684-08-26
685,1684년_식년시대과,대과,,식년시,전시,,1684.0,11.0,13.0,1684-10-07
686,1686년_알성시대과,대과,,알성시,전시,,1686.0,4.0,5.0,1686-03-13
687,1686년_별시대과,대과,,별시,전시,,1686.0,8.0,10.0,1686-06-22
688,1686년_중시대과,대과,,중시,전시,,1686.0,8.0,20.0,1686-07-02
689,1686년_함경도별시대과,대과,,함경도별시,전시,,1686.0,9.0,16.0,1686-07-29
690,1686년_정시대과,대과,,정시,전시,,1686.0,10.0,20.0,1686-09-04
691,1687년_식년시소과_초장,소과,진사,식년시,초시,초장,1687.0,9.0,16.0,1687-08-10
692,1687년_식년시소과_종장,소과,생원,식년시,초시,종장,1687.0,9.0,18.0,1687-08-12
693,1687년_식년시소과_초장,소과,진사,식년시,복시,초장,1687.0,8.0,20.0,1687-07-13
694,1687년_식년시소과_종장,소과,생원,식년시,복시,종장,1687.0,8.0,22.0,1687-07-15
695,1687년_알성시대과,대과,,알성시,전시,,1687.0,9.0,21.0,1687-08-15
696,1687년_식년시대과,대과,,식년시,전시,,1687.0,10.0,17.0,1687-09-12
697,1689년_증광시대과,대과,,증광시,초시,,1689.0,3.0,22.0,1689-03-02
698,1689년_증광시대과_초장,대과,,증광시,복시,초장,1689.0,4.0,13.0,1689-03-24
699,1689년_증광시대과_중장,대과,,증광시,복시,중장,1689.0,4.0,13.0,1689-03-24
700,1689년_증광시대과_종장,대과,,증광시,복시,종장,1689.0,4.0,13.0,1689-03-24
701,1689년_증광시소과_초장,소과,진사,증광시,초시,초장,1689.0,3.0,4.0,1689-02-13
702,1689년_증광시소과_종장,소과,생원,증광시,초시,종장,1689.0,3.0,6.0,1689-02-15
703,1689년_증광시소과_초장,소과,진사,증광시,복시,초장,1689.0,3.0,22.0,1689-03-02
704,1689년_증광시소과_종장,소과,생원,증광시,복시,종장,1689.0,3.0,24.0,1689-03-04
705,1689년_증광시대과,대과,,증광시,전시,,1689.0,4.0,24.0,1689-03-05
706,1689년_식년시소과_초장,소과,진사,식년시,초시,초장,1689.0,8.0,28.0,1689-07-14
707,1689년_식년시소과_종장,소과,생원,식년시,초시,종장,1689.0,8.0,30.0,1689-07-16
708,1690년_식년시소과_초장,소과,진사,식년시,복시,초장,1690.0,2.0,14.0,1690-01-06
709,1690년_식년시소과_종장,소과,생원,식년시,복시,종장,1690.0,2.0,16.0,1690-01-08
710,1690년_식년시대과,대과,,식년시,전시,,1690.0,3.0,26.0,1690-02-16
711,1690년_정시대과,대과,,정시,전시,,1690.0,11.0,19.0,1690-10-19
712,1691년_증광시소과_초장,소과,진사,증광시,초시,초장,1691.0,2.0,1.0,1691-01-04
713,1691년_증광시소과_종장,소과,생원,증광시,초시,종장,1691.0,2.0,1.0,1691-01-04
714,1691년_증광시소과_초장,소과,진사,증광시,복시,초장,1691.0,2.0,1.0,1691-01-04
715,1691년_증광시소과_종장,소과,생원,증광시,복시,종장,1691.0,2.0,1.0,1691-01-04
716,1691년_증광시대과,대과,,증광시,전시,,1691.0,3.0,22.0,1691-02-23
717,1691년_알성시대과,대과,,알성시,전시,,1691.0,8.0,10.0,1691-07-17
718,1692년_춘당대시,대과,,춘당대시,전시,,1692.0,8.0,11.0,1692-06-29
719,1692년_식년시소과_초장,소과,진사,식년시,초시,초장,1692.0,8.0,20.0,1692-07-09
720,1692년_식년시소과_종장,소과,생원,식년시,초시,종장,1692.0,8.0,22.0,1692-07-11
721,1693년_식년시소과_초장,소과,진사,식년시,복시,초장,1693.0,2.0,19.0,1693-01-15
722,1693년_식년시소과_종장,소과,생원,식년시,복시,종장,1693.0,2.0,21.0,1693-01-17
723,1693년_식년시대과,대과,,식년시,전시,,1693.0,4.0,1.0,1693-02-26
724,1693년_알성시대과,대과,,알성시,전시,,1693.0,8.0,11.0,1693-07-10
725,1693년_개성정시대과,대과,,개성정시,전시,,1693.0,9.0,1.0,1693-08-02
726,1694년_별시대과_초장,대과,,별시,초시,초장,1694.0,5.0,12.0,1694-04-19
727,1694년_별시대과,대과,,별시,전시,,1694.0,10.0,22.0,1694-09-04
728,1694년_알성시대과,대과,,알성시,전시,,1694.0,8.0,4.0,1694-06-14
729,1695년_평안도별시대과,대과,,평안도별시,전시,,1695.0,3.0,25.0,1695-02-11
730,1695년_별시대과_초장,대과,,별시,초시,초장,1695.0,4.0,28.0,1695-03-16
731,1695년_별시대과,대과,,별시,전시,,1695.0,9.0,15.0,1695-08-08
732,1696년_식년시대과_초장,대과,,식년시,초시,초장,1696.0,0.0,0.0,0000-00-00
733,1696년_정시대과,대과,,정시,전시,,1696.0,8.0,27.0,1696-08-01
734,1696년_식년시소과,소과,,식년시,복시,,1696.0,10.0,1.0,1696-09-06
735,1696년_식년시대과,대과,,식년시,전시,,1696.0,11.0,21.0,1696-10-27
736,1697년_정시대과,대과,,정시,전시,,1697.0,9.0,26.0,1697-08-12
737,1697년_중시,대과,,중시,전시,,1697.0,10.0,8.0,1697-08-24
738,1698년_알성시대과,대과,,알성시,전시,,1698.0,9.0,11.0,1698-08-08
739,1698년_식년시대과,대과,,식년시,초시,,1698.0,9.0,17.0,1698-08-14
740,1699년_증광시대과_중장,대과,,증광시,초시,중장,1699.0,8.0,16.0,1699-07-21
741,1699년_증광시대과_초장,대과,,증광시,복시,초장,1699.0,10.0,9.0,1699-08-17
742,1699년_식년시소과_초장,소과,진사,식년시,복시,초장,1699.0,3.0,10.0,1699-02-10
743,1699년_식년시소과_종장,소과,생원,식년시,복시,종장,1699.0,3.0,12.0,1699-02-12
744,1699년_식년시대과,대과,,식년시,복시,,1699.0,4.0,1.0,1699-03-02
745,1699년_정시대과,대과,,정시,전시,,1699.0,4.0,17.0,1699-03-18
746,1699년_식년시대과,대과,,식년시,전시,,1699.0,4.0,22.0,1699-03-23
747,1699년_증광시소과_초장,소과,진사,증광시,초시,초장,1699.0,7.0,25.0,1699-06-29
748,1699년_증광시소과_종장,소과,생원,증광시,초시,종장,1699.0,7.0,27.0,1699-07-01
749,1699년_증광시소과_초장,소과,진사,증광시,복시,초장,1699.0,9.0,17.0,1699-07-24
750,1699년_증광시소과_종장,소과,생원,증광시,복시,종장,1699.0,9.0,19.0,1699-07-26
751,1699년_증광시대과,대과,,증광시,전시,,1699.0,10.0,21.0,1699-08-29
752,1700년_춘당대시대과,대과,,춘당대시,전시,,1700.0,9.0,2.0,1700-07-19
753,1702년_식년시소과_초장,소과,진사,식년시,초시,초장,1702.0,2.0,10.0,1702-01-14
754,1702년_식년시소과_종장,소과,생원,식년시,초시,종장,1702.0,2.0,12.0,1702-01-16
755,1702년_식년시대과,대과,,식년시,초시,,1702.0,2.0,28.0,1702-02-02
756,1702년_알성시대과,대과,,알성시,전시,,1702.0,3.0,25.0,1702-02-27
757,1702년_함경도별시대과,대과,,함경도별시,전시,,1702.0,3.0,26.0,1702-02-28
758,1702년_식년시소과_초장,소과,진사,식년시,복시,초장,1702.0,3.0,28.0,1702-03-01
759,1702년_식년시소과_종장,소과,생원,식년시,복시,종장,1702.0,3.0,30.0,1702-03-03
760,1702년_식년시대과,대과,,식년시,복시,,1702.0,4.0,18.0,1702-03-22
761,1702년_식년시대과,대과,,식년시,전시,,1702.0,5.0,1.0,1702-04-05
762,1702년_별시대과,대과,,별시,초시,,1702.0,11.0,1.0,1702-09-12
763,1702년_별시대과,대과,,별시,전시,,1702.0,12.0,28.0,1702-11-10
764,1704년_식년시소과_초장,소과,진사,식년시,초시,초장,1704.0,8.0,20.0,1704-07-20
765,1704년_식년시소과_종장,소과,생원,식년시,초시,종장,1704.0,8.0,22.0,1704-07-22
766,1704년_식년시대과_중장,대과,,식년시,초시,중장,1704.0,9.0,13.0,1704-08-15
767,1704년_춘당대시대과,대과,,춘당대시,전시,,1704.0,9.0,3.0,1704-08-05
768,1705년_식년시소과_초장,소과,진사,식년시,복시,초장,1705.0,2.0,20.0,1705-01-27
769,1705년_식년시소과_종장,소과,생원,식년시,복시,종장,1705.0,2.0,22.0,1705-01-29
770,1705년_식년시대과_중장,대과,,식년시,복시,중장,1705.0,3.0,16.0,1705-02-22
771,1705년_식년시대과,대과,,식년시,전시,,1705.0,4.0,11.0,1705-03-18
772,1705년_알성시대과,대과,,알성시,전시,,1705.0,4.0,28.0,1705-04-06
773,1705년_증광시대과_중장,대과,,증광시,초시,중장,1705.0,8.0,28.0,1705-07-10
774,1705년_증광시대과_초장,대과,,증광시,복시,초장,1705.0,10.0,24.0,1705-09-07
775,1705년_증광시소과_초장,소과,진사,증광시,초시,초장,1705.0,8.0,9.0,1705-06-20
776,1705년_증광시소과_종장,소과,생원,증광시,초시,종장,1705.0,8.0,10.0,1705-06-21
777,1705년_증광시소과_초장,소과,진사,증광시,복시,초장,1705.0,10.0,1.0,1705-08-14
778,1705년_증광시소과_종장,소과,생원,증광시,복시,종장,1705.0,10.0,3.0,1705-08-16
779,1705년_증광시대과,대과,,증광시,전시,,1705.0,11.0,6.0,1705-09-20
780,1706년_정시대과,대과,,정시,전시,,1706.0,3.0,13.0,1706-01-29
781,1707년_별시대과_초장,대과,,별시,초시,초장,1707.0,2.0,10.0,1707-01-08
782,1707년_별시대과,대과,,별시,전시,,1707.0,3.0,26.0,1707-02-23
783,1707년_중시,대과,,중시,전시,,1707.0,4.0,2.0,1707-02-30
784,1707년_식년시소과_초장,소과,진사,식년시,초시,초장,1707.0,8.0,27.0,1707-08-01
785,1707년_식년시소과_종장,소과,생원,식년시,초시,종장,1707.0,8.0,29.0,1707-08-03
786,1707년_식년시대과_중장,대과,,식년시,초시,중장,1707.0,9.0,18.0,1707-08-23
787,1708년_식년시소과_초장,소과,진사,식년시,복시,초장,1708.0,2.0,26.0,1708-02-06
788,1708년_식년시소과_종장,소과,생원,식년시,복시,종장,1708.0,2.0,28.0,1708-02-08
789,1708년_식년시대과_중장,대과,,식년시,복시,중장,1708.0,3.0,6.0,1708-02-15
790,1708년_식년시대과,대과,,식년시,전시,,1708.0,3.0,16.0,1708-02-25
791,1709년_알성시대과,대과,,알성시,전시,,1709.0,8.0,11.0,1709-07-06
792,1710년_증광시소과_초장,소과,진사,증광시,초시,초장,1710.0,3.0,20.0,1710-02-21
793,1710년_증광시소과_종장,소과,생원,증광시,초시,종장,1710.0,3.0,22.0,1710-02-23
794,1710년_증광시대과_중장,대과,,증광시,초시,중장,1710.0,4.0,11.0,1710-03-13
795,1710년_증광시소과_초장,소과,진사,증광시,복시,초장,1710.0,5.0,11.0,1710-04-13
796,1710년_증광시소과_종장,소과,생원,증광시,복시,종장,1710.0,5.0,13.0,1710-04-15
797,1710년_증광시대과,대과,,증광시,복시,,1710.0,5.0,28.0,1710-05-01
798,1710년_증광시대과,대과,,증광시,전시,,1710.0,6.0,8.0,1710-05-12
799,1710년_식년시소과_초장,소과,진사,식년시,초시,초장,1710.0,8.0,0.0,0000-00-00
800,1710년_식년시소과_종장,소과,생원,식년시,초시,종장,1710.0,8.0,0.0,0000-00-00
801,1710년_춘당대시대과,대과,,춘당대시,전시,,1710.0,8.0,9.0,1710-07-15
802,1710년_식년시대과,대과,,식년시,초시,,1710.0,9.0,15.0,1710-07-22
803,1711년_식년시소과_초장,소과,진사,식년시,복시,초장,1711.0,2.0,18.0,1711-01-02
804,1711년_식년시소과_종장,소과,생원,식년시,복시,종장,1711.0,2.0,20.0,1711-01-04
805,1711년_식년시대과,대과,,식년시,복시,,1711.0,3.0,21.0,1711-02-03
806,1711년_식년시대과,대과,,식년시,전시,,1711.0,4.0,4.0,1711-02-17
807,1712년_정시대과,대과,,정시,전시,,1712.0,2.0,26.0,1712-01-20
808,1713년_증광시소과_초장,소과,진사,증광시,초시,초장,1713.0,7.0,21.0,1713-05-29
809,1713년_증광시소과_종장,소과,생원,증광시,초시,종장,1713.0,7.0,23.0,1713-06-02
810,1713년_증광시대과_중장,대과,,증광시,초시,중장,1713.0,8.0,9.0,1713-06-19
811,1713년_증광시소과_초장,소과,진사,증광시,복시,초장,1713.0,9.0,6.0,1713-07-17
812,1713년_증광시소과_종장,소과,생원,증광시,복시,종장,1713.0,9.0,8.0,1713-07-19
813,1713년_증광시대과_초장,대과,,증광시,복시,초장,1713.0,9.0,29.0,1713-08-10
814,,,,,,,1713.0,9.0,29.0,1713-08-10
815,1713년_증광시대과,대과,,증광시,전시,,1713.0,10.0,11.0,1713-08-22
816,1714년_증광시소과_초장,소과,진사,증광시,초시,초장,1714.0,8.0,24.0,1714-07-15
817,1714년_증광시소과_종장,소과,생원,증광시,초시,종장,1714.0,8.0,26.0,1714-07-17
818,1714년_증광시대과_초장,대과,,증광시,초시,초장,1714.0,9.0,12.0,1714-08-04
819,1714년_증광시대과_중장,대과,,증광시,초시,중장,1714.0,9.0,14.0,1714-08-06
820,1714년_증광시대과_종장,대과,,증광시,초시,종장,1714.0,9.0,16.0,1714-08-08
821,1714년_증광시소과_초장,소과,진사,증광시,복시,초장,1714.0,10.0,8.0,1714-09-01
822,1714년_증광시소과_종장,소과,생원,증광시,복시,종장,1714.0,10.0,10.0,1714-09-03
823,1714년_증광시대과_초장,대과,,증광시,복시,초장,1714.0,10.0,24.0,1714-09-17
824,1714년_증광시대과_종장,대과,,증광시,복시,종장,1714.0,10.0,26.0,1714-09-19
825,1714년_증광시대과,대과,,증광시,전시,,1714.0,11.0,13.0,1714-10-07
826,1715년_식년시소과_초장,소과,진사,식년시,초시,초장,1715.0,2.0,2.0,1714-12-28
827,1715년_식년시소과_종장,소과,생원,식년시,초시,종장,1715.0,2.0,4.0,1715-01-01
828,1715년_식년시대과,대과,,식년시,초시,,1715.0,2.0,21.0,1715-01-18
829,1715년_식년시소과_초장,소과,진사,식년시,복시,초장,1715.0,3.0,16.0,1715-02-11
830,1715년_식년시소과_종장,소과,생원,식년시,복시,종장,1715.0,3.0,18.0,1715-02-13
831,1715년_식년시대과,대과,,식년시,복시,,1715.0,4.0,0.0,0000-00-00
832,1715년_식년시대과,대과,,식년시,전시,,1715.0,5.0,2.0,1715-03-29
833,1717년_함경도별시대과,대과,,함경도별시,전시,,1717.0,8.0,1.0,1717-06-24
834,1717년_평안도별시대과,대과,,평안도별시,전시,,1717.0,8.0,1.0,1717-06-24
835,1717년_식년시소과_초장,소과,진사,식년시,초시,초장,1717.0,8.0,9.0,1717-07-03
836,1717년_식년시소과_종장,소과,생원,식년시,초시,종장,1717.0,8.0,11.0,1717-07-05
837,1717년_식년시대과_중장,대과,,식년시,초시,중장,1717.0,8.0,28.0,1717-07-22
838,,,,,,,1717.0,9.0,15.0,1717-08-11
839,1717년_식년시소과_초장,소과,진사,식년시,복시,초장,1717.0,9.0,24.0,1717-08-20
840,1717년_식년시소과_종장,소과,생원,식년시,복시,종장,1717.0,9.0,26.0,1717-08-22
841,1717년_정시대과,대과,,정시,전시,,1717.0,10.0,13.0,1717-09-09
842,1717년_중시,대과,,중시,전시,,1717.0,10.0,29.0,1717-09-25
843,1717년_식년시대과,대과,,식년시,복시,,1717.0,10.0,23.0,1717-09-19
844,1717년_식년시대과,대과,,식년시,전시,,1717.0,11.0,9.0,1717-10-07
845,1718년_정시대과,대과,,정시,전시,,1718.0,10.0,19.0,1718-08-26
846,1718년_별시대과_초장,대과,,별시,초시,초장,1718.0,10.0,22.0,1718-08-29
847,1718년_별시대과,,,별시,전시,,1719.0,2.0,30.0,0000-00-00
848,1719년_증광시대과_중장,대과,,증광시,초시,중장,1719.0,4.0,0.0,0000-00-00
849,1719년_증광시소과_초장,소과,진사,증광시,초시,초장,1719.0,4.0,8.0,1719-02-19
850,1719년_증광시소과_종장,소과,생원,증광시,초시,종장,1719.0,4.0,10.0,1719-02-21
851,1719년_증광시대과_초장,대과,,증광시,복시,초장,1719.0,8.0,0.0,0000-00-00
852,1719년_증광시소과_초장,소과,진사,증광시,복시,초장,1719.0,8.0,20.0,1719-07-05
853,1719년_증광시소과_종장,소과,생원,증광시,복시,종장,1719.0,8.0,22.0,1719-07-07
854,1719년_증광시대과,대과,,증광시,전시,,1719.0,9.0,21.0,1719-08-08
855,1719년_춘당대시대과,대과,,춘당대시,전시,,1719.0,10.0,1.0,1719-08-18
856,1720년_식년시소과_초장,소과,진사,식년시,초시,초장,1720.0,3.0,27.0,1720-02-19
857,1720년_식년시소과_종장,소과,생원,식년시,초시,종장,1720.0,3.0,29.0,1720-02-21
858,1721년_식년시대과_중장,대과,,식년시,초시,중장,1721.0,0.0,0.0,0000-00-00
859,1721년_식년시소과_초장,소과,진사,식년시,복시,초장,1721.0,2.0,10.0,1721-01-14
860,1721년_식년시소과_종장,소과,생원,식년시,복시,종장,1721.0,2.0,12.0,1721-01-16
861,1721년_정시대과,대과,,정시,전시,,1721.0,2.0,28.0,1721-02-03
862,1721년_식년시대과-초장,대과,,식년시,복시,초장,1721.0,3.0,4.0,1721-02-07
863,1721년_식년시대과,대과,,식년시,전시,,1721.0,4.0,3.0,1721-03-07
864,1721년_증광시소과_초장,소과,진사,증광시,초시,초장,1721.0,8.0,19.0,1721-06-27
865,1721년_증광시소과_종장,소과,생원,증광시,초시,종장,1721.0,8.0,21.0,1721-06-29
866,1721년_증광시대과_중장,대과,,증광시,초시,중장,1721.0,9.0,4.0,1721-07-13
867,1721년_증광시소과_초장,소과,진사,증광시,복시,초장,1721.0,10.0,4.0,1721-08-14
868,1721년_증광시소과_종장,소과,생원,증광시,복시,종장,1721.0,10.0,6.0,1721-08-16
869,1721년_증광시대과_초장,대과,,증광시,복시,초장,1721.0,10.0,21.0,1721-09-01
870,1721년_증광시대과,대과,,증광시,전시,,1721.0,11.0,4.0,1721-09-15
871,1722년_증광시대과_중장,대과,,증광시,초시,중장,1722.0,0.0,0.0,0000-00-00
872,1722년_정시대과,대과,,정시,전시,,1722.0,2.0,12.0,1721-12-27
873,1721년_알성시대과,대과,,알성시,전시,,1722.0,9.0,15.0,1722-08-05
874,1722년_증광시소과_초장,소과,진사,증광시,초시,초장,1722.0,10.0,15.0,1722-09-06
875,1722년_증광시소과_종장,소과,생원,증광시,초시,종장,1722.0,10.0,17.0,1722-09-08
876,,,,,,,1723.0,0.0,0.0,0000-00-00
877,1723년_증광시대과_초장,대과,,증광시,복시,초장,1723.0,0.0,0.0,0000-00-00
878,1723년_식년시대과_초장,대과,,식년시,복시,초장,1723.0,0.0,0.0,0000-00-00
879,1723년_증광시소과_초장,소과,진사,증광시,복시,초장,1723.0,2.0,2.0,1722-12-27
880,1723년_증광시소과_종장,소과,생원,증광시,복시,종장,1723.0,2.0,4.0,1722-12-29
881,1723년_증광시대과,대과,,증광시,전시,,1723.0,3.0,4.0,1723-01-28
882,1723년_별시대과,대과,,별시,전시,,1723.0,3.0,15.0,1723-02-09
883,1723년_식년시소과_초장,소과,진사,식년시,초시,초장,1723.0,8.0,11.0,1723-07-11
884,1723년_식년시소과_종장,소과,생원,식년시,초시,종장,1723.0,8.0,13.0,1723-07-13
885,1723년_식년시소과_초장,소과,진사,식년시,복시,초장,1723.0,9.0,24.0,1723-08-25
886,1723년_식년시소과_종장,소과,생원,식년시,복시,종장,1723.0,9.0,26.0,1723-08-27
887,1723년_정시대과,대과,,정시,전시,,1723.0,10.0,6.0,1723-09-08
888,1723년_식년시대과,대과,,식년시,전시,,1723.0,11.0,3.0,1723-10-06
889,1725년_정시대과,대과,,정시,전시,,1725.0,2.0,12.0,1724-12-30
890,1725년_증광시소과_초장,소과,진사,증광시,초시,초장,1725.0,8.0,11.0,1725-07-04
891,1725년_증광시소과_종장,소과,생원,증광시,초시,종장,1725.0,8.0,13.0,1725-07-06
892,1725년_증광시대과_초장,대과,,증광시,초시,초장,1725.0,8.0,28.0,1725-07-21
893,1725년_증광시대과_중장,대과,,증광시,초시,중장,1725.0,9.0,1.0,1725-07-25
894,1725년_증광시대과_종장,대과,,증광시,초시,종장,1725.0,9.0,3.0,1725-07-27
895,1725년_증광시소과_초장,소과,진사,증광시,복시,초장,1725.0,9.0,24.0,1725-08-18
896,1725년_증광시소과_종장,소과,생원,증광시,복시,종장,1725.0,9.0,26.0,1725-08-20
897,1725년_증광시대과_초장,대과,,증광시,복시,초장,1725.0,10.0,9.0,1725-09-04
898,1725년_증광시대과_종장,대과,,증광시,복시,종장,1725.0,10.0,11.0,1725-09-06
899,1725년_증광시대과,대과,,증광시,전시,,1725.0,10.0,18.0,1725-09-13
900,1725년_정시대과,대과,,정시,전시,,1725.0,11.0,1.0,1725-09-27
901,1726년_식년시대과,대과,,식년시,초시,중장,1726.0,8.0,28.0,1726-08-02
902,1726년_식년시대과,대과,,식년시,복시,,1726.0,11.0,11.0,1726-10-18
903,1726년_강화별시대과,대과,,강화별시,전시,,1726.0,2.0,20.0,1726-01-19
904,1726년_식년시소과_초장,소과,진사,식년시,초시,초장,1726.0,8.0,11.0,1726-07-14
905,1726년_식년시소과_종장,소과,생원,식년시,초시,종장,1726.0,8.0,13.0,1726-07-16
906,1726년_식년시소과_초장,소과,진사,식년시,복시,초장,1726.0,9.0,24.0,1726-08-29
907,1726년_식년시소과_종장,소과,생원,식년시,복시,종장,1726.0,9.0,26.0,1726-09-01
908,1726년_식년시대과,대과,,식년시,전시,,1726.0,11.0,19.0,1726-10-26
909,1726년_알성시대과,대과,,알성시,전시,,1726.0,11.0,25.0,1726-11-02
910,1727년_증광시대과,대과,,증광시,초시,중장,1727.0,2.0,27.0,1727-02-07
911,1727년_증광시소과_초장,소과,진사,증광시,초시,초장,1727.0,2.0,12.0,1727-01-22
912,1727년_증광시소과_종장,소과,생원,증광시,초시,종장,1727.0,2.0,14.0,1727-01-24
913,1727년_증광시대과,대과,,증광시,복시,,1727.0,3.0,9.0,1727-02-17
914,1727년_증광시대과,대과,,증광시,전시,,1727.0,3.0,21.0,1727-02-29
915,1727년_증광시소과_초장,소과,진사,증광시,복시,초장,1727.0,3.0,22.0,1727-02-30
916,1727년_증광시소과_종장,소과,생원,증광시,복시,종장,1727.0,3.0,24.0,1727-03-02
917,1727년_정시대과,대과,,정시,전시,,1727.0,9.0,17.0,1727-08-03
918,1727년_중시,대과,,중시,전시,,1727.0,10.0,10.0,1727-08-26
919,1728년_별시대과_초장,대과,,별시,초시,초장,1728.0,2.0,10.0,1728-01-01
920,1728년_별시대과_종장,대과,,별시,초시,종장,1728.0,2.0,12.0,1728-01-03
921,1728년_춘당대시대과,대과,,춘당대시,전시,,1728.0,5.0,29.0,1728-04-21
922,1728년_평안도별시대과,대과,,평안도별시,전시,,1728.0,8.0,15.0,1728-07-10
923,1728년_별시대과,대과,,별시,전시,,1728.0,9.0,26.0,1728-08-23
924,1728년_정시대과,대과,,정시,전시,,1728.0,10.0,24.0,1728-09-22
925,1729년_식년시대과_중장,대과,,식년시,초시,중장,1729.0,0.0,0.0,0000-00-00
926,1729년_식년시대과,대과,,식년시,복시,,1729.0,0.0,0.0,0000-00-00
927,1729년_식년시소과_초장,소과,진사,식년시,초시,초장,1729.0,8.0,11.0,1729-07-17
928,1729년_식년시소과_종장,소과,생원,식년시,초시,종장,1729.0,8.0,13.0,1729-07-19
929,1729년_식년시소과_초장,소과,진사,식년시,복시,초장,1729.0,9.0,28.0,1729-08-06
930,1729년_식년시소과_종장,소과,생원,식년시,복시,종장,1729.0,9.0,30.0,1729-08-08
931,1729년_식년시대과,대과,,식년시,전시,,1729.0,10.0,21.0,1729-08-29
932,1730년_정시대과,대과,,정시,전시,,1730.0,2.0,15.0,1729-12-28
933,1731년_정시대과,대과,,정시,전시,,1731.0,2.0,24.0,1731-01-18
934,1732년_정시대과,대과,,정시,전시,,1732.0,10.0,5.0,1732-08-17
935,1733년_식년시대과_중장,대과,,식년시,초시,중장,1733.0,0.0,0.0,0000-00-00
936,1733년_식년시소과_초장,소과,진사,식년시,초시,초장,1733.0,8.0,21.0,1733-07-12
937,1733년_식년시소과_종장,소과,생원,식년시,초시,종장,1733.0,8.0,23.0,1733-07-14
938,1733년_알성시대과,대과,,알성시,전시,,1733.0,9.0,25.0,1733-08-18
939,1733년_식년시소과_초장,소과,진사,식년시,복시,초장,1733.0,10.0,1.0,1733-08-24
940,1733년_식년시소과_종장,소과,생원,식년시,복시,종장,1733.0,10.0,3.0,1733-08-26
941,1733년_식년시대과,대과,,식년시,전시,,1733.0,11.0,8.0,1733-10-02
942,1734년_정시대과,대과,,정시,전시,,1734.0,2.0,25.0,1734-01-22
943,1734년_춘당대시대과,대과,,춘당대시,전시,,1734.0,10.0,10.0,1734-09-14
944,1735년_식년시대과_중장,대과,,식년시,초시,중장,1735.0,0.0,0.0,0000-00-00
945,1735년_증광시대과_중장,대과,,증광시,초시,중장,1735.0,0.0,0.0,0000-00-00
946,1735년_증광시대과_종장,대과,,증광시,초시,종장,1735.0,0.0,0.0,0000-00-00
947,1735년_증광시대과_초장,대과,,증광시,복시,초장,1735.0,0.0,0.0,0000-00-00
948,1735년_식년시대과_중장,대과,,식년시,복시,중장,1735.0,0.0,0.0,0000-00-00
949,1735년_증광시대과_종장,대과,,증광시,복시,종장,1735.0,0.0,0.0,0000-00-00
950,1735년_증광시소과_초장,소과,진사,증광시,초시,초장,1735.0,3.0,3.0,1735-02-09
951,1735년_증광시소과_종장,소과,생원,증광시,초시,종장,1735.0,3.0,5.0,1735-02-11
952,1735년_증광시대과,대과,,증광시,전시,,1735.0,4.0,13.0,1735-03-21
953,1735년_증광시소과_초장,소과,진사,증광시,복시,초장,1735.0,4.0,16.0,1735-03-24
954,1735년_증광시소과_종장,소과,생원,증광시,복시,종장,1735.0,4.0,18.0,1735-03-26
955,1735년_식년시소과_초장,소과,진사,식년시,복시,초장,1735.0,7.0,24.0,1735-06-05
956,1735년_식년시소과_종장,소과,생원,식년시,복시,종장,1735.0,7.0,26.0,1735-06-07
957,1735년_식년시대과,대과,,식년시,전시,,1735.0,8.0,29.0,1735-07-12
958,1735년_정시대과,대과,,정시,전시,,1735.0,10.0,11.0,1735-08-26
959,1736년_정시대과,대과,,정시,전시,,1736.0,4.0,20.0,1736-03-10
960,1736년_정시대과,대과,,정시,전시,,1736.0,9.0,20.0,1736-08-16
961,1736년_알성시대과,대과,,알성시,전시,,1736.0,10.0,2.0,1736-08-28
962,1737년_별시대과,대과,,별시,초시,초장,1737.0,0.0,0.0,0000-00-00
963,1737년_별시대과,대과,,별시,초시,종장,1737.0,0.0,0.0,0000-00-00
964,1737년_별시대과,대과,,별시,전시,,1737.0,3.0,14.0,1737-02-14
965,1737년_중시,대과,,중시,전시,,1737.0,3.0,18.0,1737-02-18
966,1737년_식년시소과_초장,소과,진사,식년시,초시,초장,1737.0,9.0,21.0,1737-08-27
967,1737년_식년시소과_종장,소과,생원,식년시,초시,종장,1737.0,9.0,23.0,1737-08-29
968,1738년_식년시대과_중장,대과,,식년시,초시,중장,1738.0,0.0,0.0,0000-00-00
969,1738년_식년시소과_초장,소과,진사,식년시,복시,초장,1738.0,2.0,8.0,1737-12-20
970,1738년_식년시소과_종장,소과,생원,식년시,복시,종장,1738.0,2.0,10.0,1737-12-22
971,1738년_식년시대과,대과,,식년시,전시,,1738.0,3.0,15.0,1738-01-25
972,1739년_알성시대과,대과,,알성시,전시,,1739.0,3.0,19.0,1739-02-10
973,1739년_정시대과,대과,,정시,전시,,1739.0,9.0,28.0,1739-08-26
974,1740년_정시대과,대과,,정시,전시,,1740.0,4.0,21.0,1740-03-25
975,1740년_증광시소과_초장,소과,진사,증광시,초시,초장,1740.0,8.0,19.0,1740-06-27
976,1740년_증광시소과_종장,소과,생원,증광시,초시,종장,1740.0,8.0,21.0,1740-06-29
977,1740년_증광시소과_초장,소과,진사,증광시,복시,초장,1740.0,10.0,3.0,1740-08-13
978,1740년_증광시소과_종장,소과,생원,증광시,복시,종장,1740.0,10.0,5.0,1740-08-15
979,1741년_식년시소과_종장,소과,생원,식년시,초시,종장,1741.0,8.0,22.0,1741-07-12
980,1741년_식년시소과_초장,소과,진사,식년시,복시,초장,1741.0,10.0,3.0,1741-08-24
981,1741년_식년시소과_종장,소과,생원,식년시,복시,종장,1741.0,10.0,5.0,1741-08-26
982,1744년_식년시소과_초장,소과,진사,식년시,초시,초장,1744.0,2.0,12.0,1743-12-29
983,1744년_식년시소과_종장,소과,생원,식년시,초시,종장,1744.0,2.0,14.0,1744-01-02
984,1744년_식년시소과_초장,소과,진사,식년시,복시,초장,1744.0,8.0,19.0,1744-07-12
985,1744년_식년시소과_종장,소과,생원,식년시,복시,종장,1744.0,8.0,21.0,1744-07-14
986,1749년_식년시소과_초장,소과,진사,식년시,초시,초장,1749.0,8.0,20.0,1749-07-08
987,1749년_식년시소과_종장,소과,생원,식년시,초시,종장,1749.0,8.0,22.0,1749-07-10
988,1749년_식년시소과_초장,소과,진사,식년시,복시,초장,1750.0,2.0,9.0,1750-01-03
989,1749년_식년시소과_종장,소과,생원,식년시,복시,종장,1750.0,2.0,11.0,1750-01-05
990,1753년_식년시소과_초장,소과,진사,식년시,초시,초장,1753.0,8.0,11.0,1753-07-13
991,1753년_식년시소과_종장,소과,생원,식년시,초시,종장,1753.0,8.0,13.0,1753-07-15
992,1753년_식년시소과_초장,소과,진사,식년시,복시,초장,1753.0,9.0,18.0,1753-08-22
993,1753년_식년시소과_종장,소과,생원,식년시,복시,종장,1753.0,9.0,22.0,1753-08-26
994,1754년_증광시소과_초장,소과,진사,증광시,초시,초장,1754.0,2.0,20.0,1754-01-29
995,1754년_증광시소과_종장,소과,생원,증광시,초시,종장,1754.0,2.0,22.0,1754-02-01
996,1754년_증광시소과_초장,소과,진사,증광시,복시,초장,1754.0,4.0,4.0,1754-03-12
997,1754년_증광시소과_종장,소과,생원,증광시,복시,종장,1754.0,4.0,6.0,1754-03-14
998,1755년_식년시소과_초장,소과,진사,식년시,초시,초장,1755.0,8.0,20.0,1755-07-13
999,1755년_식년시소과_종장,소과,생원,식년시,초시,종장,1755.0,8.0,22.0,1755-07-15
1000,1755년_식년시소과_초장,소과,진사,식년시,복시,초장,1756.0,9.0,4.0,1756-08-10
1001,1755년_식년시소과_종장,소과,생원,식년시,복시,종장,1756.0,9.0,6.0,1756-08-12
1002,1758년_식년시소과_초장,소과,진사,식년시,초시,초장,1758.0,8.0,20.0,1758-07-17
1003,1758년_식년시소과_종장,소과,생원,식년시,초시,종장,1758.0,8.0,22.0,1758-07-19
1004,1759년_식년시소과_초장,소과,진사,식년시,복시,초장,1759.0,2.0,27.0,1759-02-01
1005,1759년_식년시소과_종장,소과,생원,식년시,복시,종장,1759.0,2.0,29.0,0000-00-00
1006,1761년_식년시소과_초장,소과,진사,식년시,초시,초장,1761.0,8.0,20.0,1761-07-21
1007,1761년_식년시소과_종장,소과,생원,식년시,초시,종장,1761.0,8.0,22.0,1761-07-23
1008,1762년_식년시소과_초장,소과,진사,식년시,복시,초장,1762.0,2.0,27.0,1762-02-04
1009,1762년_식년시소과_종장,소과,생원,식년시,복시,종장,1762.0,2.0,29.0,0000-00-00
1010,1763년_증광시소과_초장,소과,진사,증광시,초시,초장,1763.0,8.0,19.0,1763-07-11
1011,1763년_증광시소과_종장,소과,생원,증광시,초시,종장,1763.0,8.0,21.0,1763-07-13
1012,1763년_증광시소과_초장,소과,진사,증광시,복시,초장,1763.0,10.0,1.0,1763-08-25
1013,1763년_증광시소과_종장,소과,생원,증광시,복시,종장,1763.0,10.0,3.0,1763-08-27
1014,1767년_식년시소과_초장,소과,진사,식년시,초시,초장,1767.0,8.0,21.0,1767-07-27
1015,1767년_식년시소과_종장,소과,생원,식년시,초시,종장,1767.0,8.0,22.0,1767-07-28
1016,1768년_식년시소과_초장,소과,진사,식년시,복시,초장,1768.0,2.0,11.0,1767-12-23
1017,1768년_식년시소과_종장,소과,생원,식년시,복시,종장,1768.0,2.0,11.0,1767-12-23
1018,1770년_식년시소과_초장,소과,진사,식년시,초시,초장,1770.0,8.0,20.0,1770-06-30
1019,1770년_식년시소과_종장,소과,생원,식년시,초시,종장,1770.0,8.0,22.0,1770-07-02
1020,1771년_식년시소과_초장,소과,진사,식년시,복시,초장,1771.0,2.0,11.0,1770-12-27
1021,1771년_식년시소과_종장,소과,생원,식년시,복시,종장,1771.0,2.0,13.0,1770-12-29
1022,1773년_식년시소과_초장,소과,진사,식년시,초시,초장,1773.0,8.0,21.0,1773-07-04
1023,1773년_식년시소과_종장,소과,생원,식년시,초시,종장,1773.0,8.0,23.0,1773-07-06
1024,1774년_식년시소과_초장,소과,진사,식년시,복시,초장,1774.0,2.0,11.0,1774-01-01
1025,1774년_식년시소과_종장,소과,생원,식년시,복시,종장,1774.0,2.0,13.0,1774-01-03
1026,1774년_증광시소과_초장,소과,진사,증광시,초시,초장,1774.0,10.0,15.0,1774-09-11
1027,1774년_증광시소과_종장,소과,생원,증광시,초시,종장,1774.0,10.0,17.0,1774-09-13
1028,1774년_증광시소과_초장,소과,진사,증광시,복시,초장,1774.0,11.0,12.0,1774-10-09
1029,1774년_증광시소과_종장,소과,생원,증광시,복시,종장,1774.0,11.0,14.0,1774-10-11
1030,1776년_식년시소과_초장,소과,진사,식년시,초시,초장,1776.0,2.0,20.0,1776-01-02
1031,1776년_식년시소과_종장,소과,생원,식년시,초시,종장,1776.0,2.0,22.0,1776-01-04
1032,1777년_증광시소과_초장,소과,진사,증광시,초시,초장,1777.0,2.0,10.0,1777-01-03
1033,1777년_증광시소과_종장,소과,생원,증광시,초시,종장,1777.0,2.0,12.0,1777-01-05
1034,1777년_증광시소과_초장,소과,진사,증광시,복시,초장,1777.0,3.0,21.0,1777-02-13
1035,1777년_증광시소과_종장,소과,생원,증광시,복시,종장,1777.0,3.0,23.0,1777-02-15
1036,1777년_식년시소과_초장,소과,진사,식년시,복시,초장,1777.0,9.0,2.0,1777-08-01
1037,1777년_식년시소과_종장,소과,생원,식년시,복시,종장,1777.0,9.0,4.0,1777-08-03
1038,1779년_식년시소과_초장,소과,진사,식년시,초시,초장,1779.0,9.0,11.0,1779-08-02
1039,1779년_식년시소과_종장,소과,생원,식년시,초시,종장,1779.0,9.0,13.0,1779-08-04
1040,1780년_식년시소과_초장,소과,진사,식년시,복시,초장,1780.0,2.0,10.0,1780-01-06
1041,1780년_식년시소과_종장,소과,생원,식년시,복시,종장,1780.0,2.0,12.0,1780-01-08
1042,1783년_증광시소과_초장,소과,진사,증광시,초시,초장,1783.0,2.0,21.0,1783-01-20
1043,1783년_증광시소과_종장,소과,생원,증광시,초시,종장,1783.0,2.0,23.0,1783-01-22
1044,1783년_증광시소과_초장,소과,진사,증광시,복시,초장,1783.0,4.0,2.0,1783-03-01
1045,1783년_증광시소과_종장,소과,생원,증광시,복시,종장,1783.0,4.0,4.0,1783-03-03
1046,1783년_식년시소과_초장,소과,진사,식년시,초시,초장,1783.0,8.0,20.0,1783-07-23
1047,1783년_식년시소과_종장,소과,생원,식년시,초시,종장,1783.0,8.0,22.0,1783-07-25
1048,1783년_식년시소과_초장,소과,진사,식년시,복시,초장,1783.0,9.0,20.0,1783-08-24
1049,1783년_식년시소과_종장,소과,생원,식년시,복시,종장,1783.0,9.0,22.0,1783-08-26
1050,1785년_식년시소과_초장,소과,진사,식년시,초시,초장,1785.0,8.0,20.0,1785-07-16
1051,1785년_식년시소과_종장,소과,생원,식년시,초시,종장,1785.0,8.0,22.0,1785-07-18
1052,1786년_식년시소과_초장,소과,진사,식년시,복시,초장,1786.0,2.0,10.0,1786-01-12
1053,1786년_식년시소과_종장,소과,생원,식년시,복시,종장,1786.0,2.0,12.0,1786-01-14
1054,1788년_식년시소과_초장,소과,진사,식년시,초시,초장,1788.0,8.0,20.0,1788-07-19
1055,1788년_식년시소과_종장,소과,생원,식년시,초시,종장,1788.0,8.0,22.0,1788-07-21
1056,1789년_식년시소과_초장,소과,진사,식년시,복시,초장,1789.0,2.0,16.0,1789-01-22
1057,1789년_식년시소과_종장,소과,생원,식년시,복시,종장,1789.0,2.0,18.0,1789-01-24
1058,1790년_증광시소과_초장,소과,진사,증광시,초시,초장,1790.0,8.0,1.0,1790-06-21
1059,1790년_증광시소과_종장,소과,생원,증광시,초시,종장,1790.0,8.0,3.0,1790-06-23
1060,1790년_증광시소과_초장,소과,진사,증광시,복시,초장,1790.0,9.0,2.0,1790-07-24
1061,1790년_증광시소과_종장,소과,생원,증광시,복시,종장,1790.0,9.0,4.0,1790-07-26
1062,1791년_식년시소과_초장,소과,진사,식년시,초시,초장,1791.0,8.0,19.0,1791-07-20
1063,1791년_식년시소과_종장,소과,생원,식년시,초시,종장,1791.0,8.0,21.0,1791-07-22
1064,1792년_식년시소과_초장,소과,진사,식년시,복시,초장,1792.0,2.0,18.0,1792-01-26
1065,1792년_식년시소과_종장,소과,생원,식년시,복시,종장,1792.0,2.0,20.0,1792-01-28
1066,1795년_식년시소과_초장,소과,진사,식년시,복시,초장,1795.0,2.0,27.0,1795-02-09
1067,1795년_식년시소과_종장,소과,생원,식년시,복시,종장,1795.0,2.0,29.0,0000-00-00
1068,1795년_식년시소과_종장,소과,생원,식년시,초시,종장,1795.0,8.0,21.0,1795-07-07
1069,1797년_식년시소과_초장,소과,진사,식년시,초시,초장,1797.0,8.0,21.0,1797-06-29
1070,1797년_식년시소과_종장,소과,생원,식년시,초시,종장,1797.0,8.0,23.0,1797-07-02
1071,1798년_식년시소과_초장,소과,진사,식년시,복시,초장,1798.0,2.0,18.0,1798-01-03
1072,1798년_식년시소과_종장,소과,생원,식년시,복시,종장,1798.0,2.0,20.0,1798-01-05
1073,1740년_증광시대과_초장,대과,,증광시,초시,초장,1740.0,9.0,11.0,1740-07-21
1074,1740년_증광시대과_중장,대과,,증광시,초시,중장,1740.0,9.0,15.0,1740-07-25
1075,1740년_증광시대과_종장,대과,,증광시,초시,종장,1740.0,9.0,0.0,0000-00-00
1076,1740년_증광시대과_초장,대과,,증광시,복시,초장,1740.0,10.0,20.0,1740-08-30
1077,1740년_증광시대과_초장,대과,,증광시,복시,초장,1740.0,10.0,22.0,1740-09-02
1078,1740년_증광시대과_종장,대과,,증광시,복시,종장,1740.0,10.0,0.0,0000-00-00
1079,1740년_증광시대과,대과,,증광시,전시,,1740.0,11.0,6.0,1740-09-17
1080,1741년_식년시대과,대과,,식년시,전시,,1741.0,11.0,12.0,1741-10-05
1081,1742년_정시대과,대과,,정시,전시,,1742.0,9.0,9.0,1742-08-11
1082,1743년_알성시대과,대과,,알성시,전시,,1743.0,4.0,7.0,1743-03-13
1083,1743년_정시대과,대과,,정시,전시,,1743.0,9.0,30.0,1743-08-13
1084,1744년_춘당대시대과,대과,,춘당대시,전시,,1744.0,3.0,25.0,1744-02-12
1085,1744년_식년시대과,대과,,식년시,전시,,1744.0,9.0,21.0,1744-08-16
1086,1744년_정시대과,대과,,정시,전시,,1744.0,10.0,28.0,1744-09-23
1087,1745년_정시대과,대과,,정시,전시,,1745.0,9.0,20.0,1745-08-25
1088,1746년_정시대과,대과,,정시,전시,,1746.0,3.0,2.0,1746-02-11
1089,1746년_알성시대과,대과,,알성시,전시,,1746.0,3.0,4.0,1746-02-13
1090,1746년_중시,대과,,중시,전시,,1746.0,3.0,7.0,1746-02-16
1091,1746년_평안도별시대과,대과,,평안도별시,전시,,1746.0,4.0,2.0,1746-03-12
1092,1746년_춘당대시대과,대과,,춘당대시,전시,,1746.0,7.0,24.0,1746-06-07
1093,1746년_함경도별시대과,대과,,함경도별시,전시,,1746.0,8.0,4.0,1746-06-18
1094,1747년_식년시대과,대과,,식년시,전시,,1747.0,3.0,16.0,1747-02-06
1095,1747년_정시대과,대과,,정시,전시,,1747.0,9.0,19.0,1747-08-15
1096,1748년_춘당대시대과,대과,,춘당대시,전시,,1748.0,3.0,25.0,1748-02-27
1097,1749년_춘당대시대과,대과,,춘당대시,전시,,1749.0,3.0,16.0,1749-01-28
1098,1750년_식년시대과,대과,,식년시,전시,,1750.0,3.0,18.0,1750-02-11
1099,1750년_알성시대과,대과,,알성시,전시,,1750.0,9.0,10.0,1750-08-10
1100,1750년_온양별시대과,대과,,온양별시,전시,,1750.0,9.0,12.0,1750-08-12
1101,1751년_춘당대시대과,대과,,춘당대시,전시,,1751.0,2.0,18.0,1751-01-23
1102,1751년_정시대과,대과,,정시,전시,,1751.0,9.0,18.0,1751-07-29
1103,1752년_정시대과,대과,,정시,전시,,1752.0,9.0,20.0,1752-08-13
1104,1753년_알성시대과,대과,,알성시,전시,,1753.0,2.0,8.0,1753-01-06
1105,1753년_정시대과,대과,,정시,전시,,1753.0,2.0,20.0,1753-01-18
1106,1753년_정시대과,대과,,정시,전시,,1753.0,10.0,17.0,1753-09-21
1107,1753년_식년시대과,대과,,식년시,전시,,1753.0,10.0,29.0,1753-10-04
1108,1754년_도과정시대과,대과,,도과정시,전시,,1754.0,2.0,15.0,1754-01-24
1109,1754년_증광시대과,대과,,증광시,전시,,1754.0,4.0,5.0,1754-03-13
1110,1755년_함경도별시대과,대과,,함경도별시,전시,,1755.0,4.0,4.0,1755-02-23
1111,1755년_정시대과,대과,,정시,전시,,1755.0,5.0,2.0,1755-03-22
1112,1755년_정시대과,대과,,정시,전시,,1755.0,9.0,25.0,1755-08-20
1113,1756년_정시대과,대과,,정시,전시,,1756.0,3.0,16.0,1756-02-16
1114,1756년_기로정시대과,대과,,기로정시,전시,,1756.0,7.0,7.0,1756-06-11
1115,1756년_식년시대과,대과,,식년시,전시,,1756.0,9.0,11.0,1756-08-17
1116,1756년_정시대과,대과,,정시,전시,,1756.0,9.0,26.0,1756-09-03
1117,1757년_정시대과,대과,,정시,전시,,1757.0,8.0,29.0,1757-07-15
1118,1757년_정시대과,대과,,정시,전시,,1757.0,9.0,11.0,1757-07-28
1119,1757년_중시,대과,,중시,전시,,1757.0,9.0,17.0,1757-08-05
1120,1759년_식년시대과,대과,,식년시,전시,,1759.0,4.0,3.0,1759-03-07
1121,1759년_별시대과,대과,,별시,전시,,1759.0,7.0,22.0,1759-06-28
1122,1759년_알성시대과,대과,,알성시,전시,,1759.0,7.0,25.0,1759-06-02
1123,1759년_정시대과,대과,,정시,전시,,1759.0,8.0,10.0,1759-06-18
1124,1761년_정시대과,대과,,정시,전시,,1761.0,9.0,28.0,1761-09-01
1125,1762년_알성시대과,대과,,알성시,전시,,1762.0,3.0,22.0,1762-02-27
1126,1762년_정시대과,대과,,정시,전시,,1762.0,7.0,28.0,1762-06-08
1127,1763년_기로정시대과,대과,,기로정시,전시,,1763.0,1.0,7.0,1762-11-24
1128,1763년_증광시대과_초장,대과,,증광시,초시,초장,1763.0,9.0,3.0,1763-07-26
1129,1763년_증광시대과_중장,대과,,증광시,초시,중장,1763.0,9.0,5.0,1763-07-28
1130,1763년_증광시대과_종장,대과,,증광시,초시,종장,1763.0,9.0,7.0,1763-08-01
1131,1763년_증광시대과_초장,대과,,증광시,복시,초장,1763.0,9.0,13.0,1763-08-07
1132,1763년_증광시대과_종장,대과,,증광시,복시,종장,1763.0,9.0,15.0,1763-08-09
1133,1763년_증광시대과,대과,,증광시,전시,,1763.0,9.0,19.0,1763-08-13
1134,1763년_증광시대과,대과,,증광시,전시,,1763.0,10.0,22.0,1763-09-16
1135,1764년_충량과대과,대과,,충량과,전시,,1764.0,2.0,8.0,1764-01-07
1136,1764년_강화별시대과,대과,,강화별시,전시,,1764.0,2.0,28.0,1764-01-27
1137,1764년_정시대과,대과,,정시,전시,,1764.0,4.0,1.0,1764-03-01
1138,1765년_식년시대과,대과,,식년시,전시,,1765.0,3.0,6.0,1765-02-15
1139,1765년_알성시대과,대과,,알성시,전시,,1765.0,3.0,28.0,1765-02-08
1140,1766년_정시대과,대과,,정시,전시,,1766.0,2.0,29.0,0000-00-00
1141,1766년_중시,대과,,중시,전시,,1766.0,3.0,4.0,1766-01-24
1142,1766년_정시대과,대과,,정시,전시,,1766.0,3.0,28.0,1766-02-18
1143,1766년_정시대과,대과,,정시,전시,,1766.0,4.0,11.0,1766-03-03
1144,1766년_정시대과,대과,,정시,전시,,1766.0,9.0,28.0,1766-08-25
1145,1767년_정시대과,대과,,정시,전시,,1767.0,3.0,11.0,1767-02-12
1146,1767년_경잠과기타과거,기타과거,,경잠과,전시,,1767.0,3.0,11.0,1767-02-12
1147,1767년_알성시대과,대과,,알성시,전시,,1767.0,9.0,18.0,1767-07-26
1148,1767년_중시,대과,,중시,전시,,1767.0,12.0,16.0,1767-10-26
1149,1768년_식년시대과,대과,,식년시,전시,,1768.0,3.0,10.0,1768-01-22
1150,1768년_정시대과,대과,,정시,전시,,1768.0,9.0,26.0,1768-08-16
1151,1769년_식희과대과,대과,,식희과,전시,,1769.0,2.0,9.0,1769-01-03
1152,1769년_기로정시대과,대과,,기로정시,전시,,1769.0,5.0,25.0,1769-04-20
1153,1769년_정시대과,대과,,정시,전시,,1769.0,9.0,10.0,1769-08-11
1154,1770년_동당시대과_중장,대과,,동당시,초시,중장,1770.0,9.0,5.0,1770-07-16
1155,1770년_정시대과,대과,,정시,전시,,1770.0,12.0,3.0,1770-10-17
1156,1771년_정시대과,대과,,정시,전시,,1771.0,2.0,20.0,1771-01-06
1157,1771년_식년시대과,대과,,식년시,전시,,1771.0,3.0,11.0,1771-01-25
1158,1771년_정시대과,대과,,정시,전시,,1771.0,10.0,27.0,1771-09-20
1159,1772년_기로정시대과,대과,,기로정시,전시,,1772.0,2.0,8.0,1772-01-05
1160,1772년_기로정시대과,대과,,기로정시,전시,,1772.0,2.0,12.0,1772-01-09
1161,1772년_탕평정시대과,대과,,탕평정시,전시,,1772.0,8.0,1.0,1772-07-03
1162,1772년_정시대과,대과,,정시,전시,,1772.0,9.0,20.0,1772-08-24
1163,1773년_증광시대과_중장,대과,,증광시,초시,중장,1773.0,0.0,0.0,0000-00-00
1164,1773년_증광시대과,대과,,증광시,복시,,1773.0,0.0,0.0,0000-00-00
1165,1773년_증광시대과,대과,,증광시,전시,,1773.0,3.0,12.0,1773-02-20
1166,1773년_정시대과,대과,,정시,전시,,1773.0,10.0,18.0,1773-09-03
1167,1774년_증광시대과_중장,대과,,증광시,초시,중장,1774.0,0.0,0.0,0000-00-00
1168,1774년_식년시대과,대과,,식년시,전시,,1774.0,3.0,16.0,1774-02-05
1169,1774년_정시대과,대과,,정시,전시,,1774.0,8.0,20.0,1774-07-14
1170,1774년_평안도별시대과,대과,,평안도별시,전시,,1774.0,10.0,3.0,1774-08-28
1171,1774년_함경도별시대과,대과,,함경도별시,전시,,1774.0,10.0,3.0,1774-08-28
1172,1774년_증광시대과,대과,,증광시,전시,,1774.0,11.0,28.0,1774-10-25
1173,1775년_정시대과,대과,,정시,전시,,1775.0,5.0,25.0,1775-04-26
1174,1775년_정시대과,대과,,정시,전시,,1775.0,8.0,16.0,1775-07-21
1175,1775년_정시대과,대과,,정시,전시,,1775.0,9.0,3.0,1775-08-09
1176,1775년_구현과대과,대과,,구현과,전시,,1775.0,11.0,16.0,1775-10-24
1177,1775년_정시대과,대과,,정시,전시,,1775.0,12.0,11.0,1775-10-19
1178,1776년_별시대과,대과,,별시,초시,중장,1776.0,0.0,0.0,0000-00-00
1179,1776년_정시대과_중장,대과,,정시,초시,중장,1776.0,0.0,0.0,0000-00-00
1180,1776년_기로정시대과,대과,,기로정시,전시,,1776.0,2.0,13.0,1775-12-24
1181,1776년_정시대과,대과,,정시,전시,,1776.0,10.0,1.0,1776-08-19
1182,1776년_중시,대과,,중시,전시,,1776.0,10.0,3.0,1776-08-21
1183,1777년_증광시대과_중장,대과,,증광시,초시,중장,1777.0,0.0,0.0,0000-00-00
1184,1777년_식년시대과,대과,,식년시,초시,중장,1777.0,0.0,0.0,0000-00-00
1185,1777년_정시대과,대과,,정시,초시,중장,1777.0,0.0,0.0,0000-00-00
1186,1777년_식년시대과,대과,,식년시,전시,,1777.0,10.0,7.0,1777-09-07
1187,1777년_정시대과,대과,,정시,전시,,1777.0,11.0,1.0,1777-10-02
1188,1778년_알성시대과,대과,,알성시,전시,,1778.0,7.0,27.0,1778-06-04
1189,1778년_정시대과,대과,,정시,전시,,1778.0,8.0,11.0,1778-06-19
1190,1778년_남한별시대과,대과,,남한별시,전시,,1779.0,8.0,8.0,1779-06-27
1191,1780년_식년시대과,대과,,식년시,전시,,1780.0,3.0,16.0,1780-02-11
1192,1782년_정시대과_중장,대과,,정시,초시,중장,1782.0,0.0,0.0,0000-00-00
1193,1782년_식년시대과_중장,대과,,식년시,초시,중장,1782.0,0.0,0.0,0000-00-00
1194,1782년_알성시대과,대과,,알성시,전시,,1782.0,3.0,10.0,1782-01-27
1195,1782년_평안도별시대과,대과,,평안도별시,전시,,1782.0,10.0,5.0,1782-08-29
1196,1782년_함경도별시대과,대과,,함경도별시,전시,,1782.0,10.0,12.0,1782-09-06
1197,1782년_정시대과,대과,,정시,전시,,1782.0,12.0,13.0,1782-11-09
1198,1783년_증광시대과,대과,,증광시,초시,,1783.0,3.0,6.0,1783-02-04
1199,1783년_증광시대과_초장,대과,,증광시,복시,초장,1783.0,4.0,13.0,1783-03-12
1200,1783년_증광시대과_종장,대과,,증광시,복시,종장,1783.0,4.0,15.0,1783-03-14
1201,1783년_증광시대과,대과,,증광시,전시,,1783.0,4.0,20.0,1783-03-19
1202,1783년_정시대과,대과,,정시,전시,,1783.0,9.0,18.0,1783-08-22
1203,1783년_식년시대과,대과,,식년시,전시,,1783.0,10.0,23.0,1783-09-28
1204,1784년_정시대과,대과,,정시,초시,,1784.0,9.0,19.0,1784-08-05
1205,1784년_정시대과,대과,,정시,전시,,1784.0,9.0,26.0,1784-08-12
1206,1784년_정시대과,대과,,정시,전시,,1784.0,10.0,4.0,1784-08-20
1207,1785년_알성시대과,대과,,알성시,전시,,1785.0,3.0,11.0,1785-02-01
1208,1785년_정시대과,대과,,정시,전시,,1785.0,10.0,28.0,1785-09-26
1209,1786년_별시대과,대과,,별시,전시,,1786.0,2.0,27.0,1786-01-29
1210,1786년_중시,대과,,중시,전시,,1786.0,3.0,11.0,1786-02-12
1211,1786년_식년시대과,대과,,식년시,전시,,1786.0,3.0,13.0,1786-02-14
1212,1787년_정시대과,대과,,정시,전시,,1787.0,1.0,24.0,1786-12-06
1213,1788년_식년시대과_초장,대과,,식년시,초시,초장,1788.0,9.0,4.0,1788-08-05
1214,1788년_식년시대과_종장,대과,,식년시,초시,종장,1788.0,9.0,6.0,1788-08-07
1215,1789년_알성시대과,대과,,알성시,전시,,1789.0,2.0,26.0,1789-02-02
1216,1789년_식년시대과_초장,대과,,식년시,복시,초장,1789.0,2.0,27.0,1789-02-03
1217,1789년_식년시대과,대과,,식년시,전시,,1789.0,3.0,10.0,1789-02-14
1218,1789년_정시대과,대과,,정시,전시,,1789.0,11.0,4.0,1789-09-17
1219,1790년_증광시대과_초장,대과,,증광시,초시,초장,1790.0,0.0,0.0,0000-00-00
1220,1790년_증광시대과_중장,대과,,증광시,초시,중장,1790.0,0.0,0.0,0000-00-00
1221,1790년_증광시대과_종장,대과,,증광시,초시,종장,1790.0,0.0,0.0,0000-00-00
1222,1790년_증광시대과_종장,대과,,증광시,복시,종장,1790.0,0.0,0.0,0000-00-00
1223,1790년_증광시대과_초장,대과,,증광시,복시,초장,1790.0,0.0,0.0,0000-00-00
1224,1790년_수원별시대과,대과,,수원별시,전시,,1790.0,2.0,11.0,1789-12-28
1225,1790년_알성시대과,대과,,알성시,전시,,1790.0,2.0,25.0,1790-01-12
1226,1790년_증광시대과,대과,,증광시,전시,,1790.0,9.0,20.0,1790-08-12
1227,1792년_식년시대과,대과,,식년시,복시,,1792.0,2.0,18.0,1792-01-26
1228,1792년_식년시대과,대과,,식년시,전시,,1792.0,3.0,13.0,1792-02-21
1229,1794년_알성시대과,대과,,알성시,전시,,1794.0,2.0,26.0,1794-01-27
1230,1794년_정시대과,대과,,정시,전시,,1794.0,2.0,28.0,1794-01-29
1231,1795년_수원별시대과,대과,,수원별시,전시,,1795.0,2.0,11.0,1795-01-22
1232,1795년_식년시대과_전시,대과,,식년시,전시,,1795.0,3.0,13.0,1795-02-23
1233,1795년_정시대과,대과,,정시,초시,,1795.0,8.0,27.0,1795-07-13
1234,1795년_정시대과,대과,,정시,전시,,1795.0,9.0,4.0,1795-07-21
1235,1796년_별시대과,대과,,별시,전시,,1796.0,2.0,20.0,1796-01-12
1236,1796년_중시,대과,,중시,전시,,1796.0,2.0,20.0,1796-01-12
1237,1796년_식년시대과,대과,,식년시,전시,,1796.0,3.0,12.0,1796-02-04
1238,1799년_알성시대과,대과,,알성시,전시,,1799.0,9.0,30.0,1799-09-02
1239,1801년_증광시소과_초장,소과,,증광시,초시,초장,1801.0,2.0,20.0,1801-01-08
1240,1801년_증광시소과_종장,소과,,증광시,초시,종장,1801.0,2.0,22.0,1801-01-10
1241,1801년_증광시소과_초장,소과,,증광시,복시,초장,1801.0,3.0,27.0,1801-02-14
1242,1801년_증광시소과_종장,소과,,증광시,복시,종장,1801.0,3.0,29.0,1801-02-16
1243,1801년_식년시소과_초장,소과,,식년시,초시,초장,1801.0,8.0,20.0,1801-07-12
1244,1801년_식년시소과_종장,소과,,식년시,초시,종장,1801.0,8.0,22.0,1801-07-14
1245,1801년_식년시소과_초장,소과,,식년시,복시,초장,1801.0,9.0,17.0,1801-08-10
1246,1801년_식년시소과_종장,소과,,식년시,복시,종장,1801.0,9.0,20.0,1801-08-13
1247,1803년_증광시소과_초장,소과,,증광시,초시,초장,1803.0,2.0,16.0,1803-01-25
1248,1803년_증광시소과_종장,소과,,증광시,초시,종장,1803.0,2.0,28.0,1803-02-07
1249,1803년_증광시소과_초장,소과,,증광시,복시,초장,1803.0,3.0,18.0,1803-02-25
1250,1803년_증광시소과_종장,소과,,증광시,복시,종장,1803.0,3.0,20.0,1803-02-27
1251,1804년_식년시소과_초장,소과,,식년시,초시,초장,1804.0,8.0,20.0,1804-07-16
1252,1804년_식년시소과_종장,소과,,식년시,초시,종장,1804.0,8.0,22.0,1804-07-18
1253,1805년_식년시소과_초장,소과,,식년시,복시,초장,1805.0,2.0,22.0,1805-01-23
1254,1805년_식년시소과_종장,소과,,식년시,복시,종장,1805.0,2.0,24.0,1805-01-25
1255,1805년_증광시소과_초장,소과,,증광시,초시,초장,1805.0,8.0,16.0,1805-06-22
1256,1805년_증광시소과_종장,소과,,증광시,초시,종장,1805.0,8.0,18.0,1805-06-24
1257,1805년_증광시소과_초장,소과,,증광시,초시,초장,1805.0,10.0,4.0,1805-08-12
1258,1805년_증광시소과_종장,소과,,증광시,초시,종장,1805.0,10.0,6.0,1805-08-14
1259,1807년_식년시소과_초장,소과,,식년시,초시,초장,1806.0,8.0,22.0,1806-07-09
1260,1807년_식년시소과_종장,소과,,식년시,초시,종장,1806.0,8.0,24.0,1806-07-11
1261,1807년_식년시소과_초장,소과,,식년시,복시,초장,1807.0,2.0,22.0,1807-01-16
1262,1807년_식년시소과_종장,소과,,식년시,복시,종장,1807.0,2.0,24.0,1807-01-18
1263,1809년_증광시소과_초장,소과,,증광시,초시,초장,1809.0,9.0,25.0,1809-08-16
1264,1809년_증광시소과_종장,소과,,증광시,초시,종장,1809.0,9.0,27.0,1809-08-18
1265,1809년_증광시소과_초장,소과,,증광시,복시,초장,1809.0,10.0,27.0,1809-09-19
1266,1809년_증광시소과_종장,소과,,증광시,복시,종장,1809.0,10.0,29.0,1809-09-21
1267,1810년_식년시소과_초장,소과,,식년시,초시,초장,1810.0,9.0,19.0,1810-08-21
1268,1810년_식년시소과_종장,소과,,식년시,초시,종장,1810.0,9.0,21.0,1810-08-23
1269,1810년_식년시소과_초장,소과,,식년시,복시,초장,1810.0,10.0,16.0,1810-09-18
1270,1810년_식년시소과_종장,소과,,식년시,복시,종장,1810.0,10.0,18.0,1810-09-20
1271,1813년_증광시소과_초장,소과,,증광시,초시,초장,1813.0,8.0,27.0,1813-08-02
1272,1813년_증광시소과_종장,소과,,증광시,초시,종장,1813.0,8.0,29.0,1813-08-04
1273,1813년_증광시소과_초장,소과,,증광시,복시,초장,1813.0,9.0,28.0,1813-09-05
1274,1813년_증광시소과_종장,소과,,증광시,복시,종장,1813.0,9.0,30.0,1813-09-07
1275,1814년_식년시소과_초장,소과,,식년시,초시,초장,1814.0,2.0,10.0,1814-01-21
1276,1814년_식년시소과_종장,소과,,식년시,초시,종장,1814.0,2.0,12.0,1814-01-23
1277,1814년_식년시소과_초장,소과,,식년시,복시,초장,1814.0,3.0,15.0,1814-02-24
1278,1814년_식년시소과_종장,소과,,식년시,복시,종장,1814.0,3.0,17.0,1814-02-26
1279,1815년_식년시소과_초장,소과,,식년시,초시,초장,1815.0,9.0,24.0,1815-08-22
1280,1815년_식년시소과_종장,소과,,식년시,초시,종장,1815.0,9.0,26.0,1815-08-24
1281,1816년_식년시소과_초장,소과,,식년시,복시,초장,1816.0,9.0,9.0,1816-07-18
1282,1816년_식년시소과_종장,소과,,식년시,복시,종장,1816.0,9.0,11.0,1816-07-20
1283,1818년_식년시소과_초장,소과,,식년시,초시,초장,1818.0,8.0,20.0,1818-07-19
1284,1818년_식년시소과_종장,소과,,식년시,초시,종장,1818.0,8.0,22.0,1818-07-21
1285,1819년_식년시소과_종장,소과,,식년시,복시,종장,1819.0,2.0,20.0,1819-01-26
1286,1819년_식년시소과_초장,소과,,식년시,복시,초장,1819.0,2.0,20.0,1819-01-26
1287,1819년_식년시소과_종장,소과,,식년시,복시,종장,1819.0,2.0,22.0,1819-01-28
1288,1822년_식년시소과_초장,소과,,식년시,초시,초장,1822.0,2.0,26.0,1822-02-05
1289,1822년_식년시소과_종장,소과,,식년시,초시,종장,1822.0,2.0,28.0,1822-02-07
1290,1822년_식년시소과_초장,소과,,식년시,복시,초장,1822.0,3.0,2.0,1822-02-09
1291,1822년_식년시소과_종장,소과,,식년시,복시,종장,1822.0,3.0,4.0,1822-02-11
1292,1824년_식년시소과_초장,소과,,식년시,초시,초장,1824.0,8.0,19.0,1824-07-25
1293,1824년_식년시소과_종장,소과,,식년시,초시,종장,1824.0,8.0,21.0,1824-07-27
1294,1825년_식년시소과_초장,소과,,식년시,복시,초장,1825.0,2.0,20.0,1825-01-03
1295,1825년_식년시소과_종장,소과,,식년시,복시,종장,1825.0,2.0,22.0,1825-01-05
1296,1827년_증광시소과_초장,소과,,식년시,초시,초장,1827.0,8.0,20.0,1827-06-28
1297,1827년_증광시소과_종장,소과,,식년시,초시,종장,1827.0,8.0,22.0,1827-07-01
1298,1827년_증광시소과_초장,소과,,식년시,복시,초장,1827.0,9.0,24.0,1827-08-04
1299,1827년_증광시소과_종장,소과,,식년시,복시,종장,1827.0,9.0,26.0,1827-08-06
1300,1828년_식년시소과_초장,소과,,식년시,초시,초장,1828.0,2.0,16.0,1828-01-02
1301,1828년_식년시소과_종장,소과,,식년시,초시,종장,1828.0,2.0,18.0,1828-01-04
1302,1828년_식년시소과_초장,소과,,식년시,복시,초장,1828.0,3.0,16.0,1828-02-01
1303,1828년_식년시소과_종장,소과,,식년시,복시,종장,1828.0,3.0,18.0,1828-02-03
1304,1831년_식년시소과_초장,소과,,식년시,초시,초장,1831.0,2.0,19.0,1831-01-07
1305,1831년_식년시소과_종장,소과,,식년시,초시,종장,1831.0,2.0,21.0,1831-01-09
1306,,,,,,,1831.0,2.0,21.0,1831-01-09
1307,1831년_식년시소과_초장,소과,,식년시,복시,초장,1831.0,3.0,20.0,1831-02-07
1308,1831년_식년시소과_종장,소과,,식년시,복시,종장,1831.0,3.0,22.0,1831-02-09
1309,1834년_식년시소과_초장,소과,,식년시,초시,초장,1834.0,2.0,18.0,1834-01-10
1310,1834년_식년시소과_종장,소과,,식년시,초시,종장,1834.0,2.0,20.0,1834-01-12
1311,1834년_식년시소과_초장,소과,,식년시,복시,초장,1834.0,3.0,20.0,1834-02-11
1312,1834년_식년시소과_종장,소과,,식년시,복시,종장,1834.0,3.0,22.0,1834-02-13
1313,1835년_식년시소과_초장,소과,,식년시,초시,초장,1835.0,8.0,6.0,1835-06-12
1314,1835년_식년시소과_종장,소과,,식년시,초시,종장,1835.0,8.0,8.0,1835-06-14
1315,1835년_식년시소과_초장,소과,,식년시,복시,초장,1835.0,9.0,10.0,1835-07-18
1316,1835년_식년시소과_종장,소과,,식년시,복시,종장,1835.0,9.0,12.0,1835-07-20
1317,1836년_식년시소과_초장,소과,,식년시,초시,초장,1836.0,8.0,19.0,1836-07-08
1318,1836년_식년시소과_초장,소과,,식년시,초시,종장,1836.0,8.0,21.0,1836-07-10
1319,1837년_식년시소과_초장,소과,,식년시,복시,초장,1837.0,2.0,18.0,1837-01-14
1320,1837년_식년시소과_종장,소과,,식년시,복시,종장,1837.0,2.0,20.0,1837-01-16
1321,1839년_식년시소과_초장,소과,,식년시,초시,초장,1839.0,8.0,17.0,1839-07-09
1322,1839년_식년시소과_종장,소과,,식년시,초시,종장,1839.0,8.0,19.0,1839-07-11
1323,1840년_식년시소과_초장,소과,,식년시,복시,초장,1840.0,2.0,18.0,1840-01-16
1324,1840년_식년시소과_종장,소과,,식년시,복시,종장,1840.0,2.0,20.0,1840-01-18
1325,1842년_식년시소과_초장,소과,,식년시,초시,초장,1842.0,8.0,20.0,1842-07-15
1326,1842년_식년시소과_종장,소과,,식년시,초시,종장,1842.0,8.0,22.0,1842-07-17
1327,1843년_식년시소과_초장,소과,,식년시,복시,초장,1843.0,2.0,22.0,1843-01-24
1328,1843년_식년시소과_종장,소과,,식년시,복시,종장,1843.0,2.0,24.0,1843-01-26
1329,1844년_증광시소과_초장,소과,,증광시,초시,초장,1844.0,2.0,19.0,1844-01-02
1330,1844년_증광시소과_종장,소과,,증광시,초시,종장,1844.0,2.0,21.0,1844-01-04
1331,1844년_증광시소과_초장,소과,,증광시,복시,초장,1844.0,3.0,22.0,1844-02-04
1332,1844년_증광시소과_종장,소과,,증광시,복시,종장,1844.0,3.0,24.0,1844-02-06
1333,1846년_식년시소과_초장,소과,,식년시,초시,초장,1846.0,8.0,19.0,1846-06-28
1334,1846년_식년시소과_종장,소과,,식년시,초시,종장,1846.0,8.0,21.0,1846-06-30
1335,1846년_식년시소과_초장,소과,,식년시,복시,초장,1846.0,2.0,8.0,1846-01-13
1336,1846년_식년시소과_종장,소과,,식년시,복시,종장,1846.0,2.0,10.0,1846-01-15
1337,1848년_식년시소과_초장,소과,,식년시,초시,초장,1848.0,8.0,27.0,1848-07-29
1338,1848년_식년시소과_종장,소과,,식년시,초시,종장,1848.0,8.0,29.0,1848-08-01
1339,1849년_식년시소과_초장,소과,,식년시,복시,초장,1849.0,2.0,25.0,1849-02-03
1340,1849년_식년시소과_종장,소과,,식년시,복시,종장,1849.0,2.0,27.0,1849-02-05
1341,1850년_증광시소과_초장,소과,,식년시,초시,초장,1850.0,2.0,19.0,1850-01-08
1342,1850년_증광시소과_종장,소과,,식년시,초시,종장,1850.0,2.0,21.0,1850-01-10
1343,1850년_증광시소과_초장,소과,,식년시,복시,초장,1850.0,4.0,3.0,1850-02-21
1344,1850년_증광시소과_종장,소과,,식년시,복시,종장,1850.0,4.0,5.0,1850-02-23
1345,1801년_정시대과,대과,,정시,전시,,1801.0,4.0,22.0,1801-03-10
1346,1801년_증광시대과_초장,대과,,증광시,복시,초장,1801.0,4.0,16.0,1801-03-04
1347,1801년_증광시대과_종장,대과,,증광시,복시,종장,1801.0,4.0,16.0,1801-03-04
1348,1801년_증광시대과,대과,,증광시,전시,,1801.0,4.0,24.0,1801-03-12
1349,1801년_식년시대과,대과,,식년시,초시,중장,1801.0,9.0,20.0,1801-08-13
1350,1801년_식년시대과,대과,,식년시,전시,,1801.0,10.0,21.0,1801-09-14
1351,1802년_정시대과,대과,,정시,초시,,1802.0,2.0,18.0,1802-01-16
1352,1802년_정시대과,대과,,정시,전시,,1802.0,2.0,26.0,1802-01-24
1353,1802년_정시대과,대과,,정시,초시,,1802.0,10.0,28.0,1802-10-02
1354,1802년_정시대과,대과,,정시,전시,,1802.0,10.0,29.0,1802-10-03
1355,1802년_정시대과,대과,,정시,,,1802.0,11.0,8.0,1802-10-13
1356,1803년_알성시대과,대과,,알성시,전시,,1803.0,4.0,10.0,1803-02-19
1357,1803년_증광시대과_중장,대과,,증광시,초시,중장,1803.0,2.0,17.0,1803-01-26
1358,1802년_증광시대과_초장,대과,,정시,복시,초장,1803.0,4.0,6.0,1803-02-15
1359,1802년_증광시대과_초장,대과,,정시,복시,종장,1803.0,4.0,6.0,1803-02-15
1360,1803년_증광시대과,대과,,증광시,전시,,1803.0,4.0,12.0,1803-02-21
1361,1804년_정시대과,대과,,정시,전시,,1804.0,3.0,7.0,1804-01-26
1362,1804년_식년시대과,대과,,식년시,전시,,1804.0,4.0,4.0,1804-02-24
1363,1805년_정시대과,대과,,정시,전시,,1805.0,10.0,13.0,1805-08-21
1364,1805년_증광시대과_중장,대과,,증광시,초시,중장,1805.0,9.0,6.0,1805-07-14
1365,1805년_증광시대과_초장,대과,,증광시,복시,초장,1805.0,9.0,6.0,1805-07-14
1366,1805년_증광시대과,대과,,증광시,전시,,1805.0,10.0,28.0,1805-09-07
1367,1806년_별시대과,대과,,별시,초시,초장,1806.0,2.0,16.0,1805-12-28
1368,1806년_별시대과,대과,,별시,전시,,1806.0,3.0,10.0,1806-01-21
1369,1806년_중시대과,대과,,중시,,,1806.0,3.0,10.0,1806-01-21
1370,1806년_식년시대과,대과,,별시,초시,중장,1806.0,9.0,4.0,1806-07-22
1371,1807년_식년시대과,대과,,식년시,전시,,1807.0,4.0,10.0,1807-03-03
1372,1807년_정시대과,대과,,정시,,,1807.0,5.0,25.0,1807-04-18
1373,1807년_알성시대과,대과,,알성시,,,1807.0,9.0,10.0,1807-08-09
1374,1807년_정시대과,대과,,정시,초시,,1807.0,9.0,15.0,1807-08-14
1375,1807년_정시대과,대과,,정시,전시,,1807.0,10.0,4.0,1807-09-04
1376,1809년_대륜차대과,대과,,대륜차,전시,,1809.0,10.0,4.0,1809-08-25
1377,1809년_증광시대과,대과,,증광시,초시,초장,1809.0,10.0,11.0,1809-09-03
1378,1809년_증광시대과,대과,,증광시,초시,중장,1809.0,10.0,11.0,1809-09-03
1379,1809년_증광시대과,대과,,증광시,초시,종장,1809.0,10.0,11.0,1809-09-03
1380,1809년_증광시대과,대과,,증광시,복시,초장,1809.0,11.0,18.0,1809-10-11
1381,1809년_증광시대과,대과,,증광시,복시,종장,1809.0,11.0,18.0,1809-10-11
1382,1809년_증광시대과,대과,,증광시,전시,,1809.0,11.0,25.0,1809-10-18
1383,1810년_외방별과대과,대과,,외방별과,전시,,1810.0,8.0,29.0,1810-07-30
1384,1810년_식년시대과,대과,,식년시,초시,중장,1810.0,10.0,4.0,1810-09-06
1385,1810년_식년시대과,대과,,식년시,전시,,1810.0,11.0,20.0,1810-10-24
1386,1811년_정시대과,대과,,정시,,,1811.0,3.0,16.0,1811-02-22
1387,1812년_정시대과,대과,,정시,전시,,1812.0,10.0,13.0,1812-09-09
1388,1813년_증광시대과,대과,,증광시,초시,초장,1813.0,9.0,17.0,1813-08-23
1389,1813년_증광시대과,대과,,증광시,초시,중장,1813.0,9.0,17.0,1813-08-23
1390,1813년_증광시대과,대과,,증광시,초시,종장,1813.0,9.0,17.0,1813-08-23
1391,1813년_증광시대과,대과,,증광시,복시,초장,1813.0,10.0,13.0,1813-09-20
1392,1813년_증광시대과,대과,,증광시,복시,종장,1813.0,10.0,13.0,1813-09-20
1393,1813년_증광시대과,대과,,증광시,전시,,1813.0,10.0,22.0,1813-09-29
1394,1814년_정시대과,대과,,정시,전시,,1814.0,3.0,11.0,1814-02-20
1395,1814년_식년시대과,대과,,식년시,초시,중장,1814.0,2.0,21.0,1814-02-02
1396,1814년_식년시대과,대과,,식년시,전시,,1814.0,4.0,17.0,1814-02-27
1397,1815년_정시대과,대과,,정시,전시,,1815.0,10.0,7.0,1815-09-05
1398,1815년_평안도별시대과,대과,,평안도별시,,,1815.0,10.0,23.0,1815-09-21
1399,1815년_함경도별시대과,대과,,함경도별시,,,1815.0,10.0,27.0,1815-09-25
1400,1816년_정시대과,대과,,정시,전시,,1816.0,9.0,6.0,1816-07-15
1401,1816년_중시,대과,,중시,전시,,1816.0,9.0,15.0,1816-07-24
1402,1816년_식년시대과,대과,,식년시,전시,,1816.0,10.0,10.0,1816-08-20
1403,1817년_정시대과,대과,,정시,초시,,1817.0,9.0,11.0,1817-08-01
1404,1817년_정시대과,대과,,정시,전시,,1817.0,9.0,21.0,1817-08-11
1405,1818년_식년시대과,대과,,식년시,초시,중장,1818.0,9.0,6.0,1818-08-06
1406,1819년_식년시대과,대과,,식년시,전시,,1819.0,4.0,25.0,1819-04-02
1407,1820년_식년시대과,대과,,정시,초시,,1820.0,8.0,29.0,1820-07-21
1408,1820년_정시대과,대과,,정시,전시,,1820.0,10.0,2.0,1820-08-26
1409,1821년_정시대과,대과,,정시,전시,,1821.0,11.0,8.0,1821-10-14
1410,1822년_식년시대과,대과,,식년시,초시,중장,1822.0,3.0,12.0,1822-02-19
1411,1822년_식년시대과,대과,,식년시,전시,,1822.0,4.0,4.0,1822-03-13
1412,1823년_정시대과,대과,,정시,초시,,1823.0,4.0,10.0,1823-02-29
1413,1823년_정시대과,대과,,정시,초시,,1823.0,9.0,17.0,1823-08-13
1414,1825년_생화과대과,대과,,생화과,복시,,1825.0,3.0,27.0,1825-02-08
1415,1825년_식년시대과,대과,,식년시,전시,,1825.0,4.0,13.0,1825-02-25
1416,1825년_알성시대과,대과,,알성시,전시,,1825.0,4.0,21.0,1825-03-04
1417,1826년_별시대과,대과,,별시,복시,,1826.0,3.0,10.0,1826-02-02
1418,1826년_별시대과,대과,,별시,전시,,1826.0,3.0,10.0,1826-02-02
1419,1826년_중시대과,대과,,중시,전시,,1826.0,3.0,22.0,1826-02-14
1420,1826년_평안도별시대과,대과,,평안도별시,,,1826.0,10.0,24.0,1826-09-24
1421,1826년_함경도별시대과,대과,,함경도별시,,,1826.0,10.0,24.0,1826-09-24
1422,1826년_함경도별시대과,대과,,함경도별시,,,1826.0,10.0,28.0,1826-09-28
1423,1827년_정시대과,대과,,정시,,,1827.0,4.0,9.0,1827-03-14
1424,1827년_증광시대과,대과,,증광시,초시,초장,1827.0,9.0,4.0,1827-07-14
1425,1827년_증광시대과,대과,,증광시,초시,중장,1827.0,9.0,4.0,1827-07-14
1426,1827년_증광시대과,대과,,증광시,초시,종장,1827.0,9.0,8.0,1827-07-18
1427,1827년_증광시대과,대과,,증광시,복시,초장,1827.0,10.0,10.0,1827-08-20
1428,1827년_증광시대과,대과,,증광시,복시,종장,1827.0,10.0,10.0,1827-08-20
1429,1827년_증광시대과,대과,,증광시,전시,,1827.0,10.0,19.0,1827-08-29
1430,1828년_식년시대과,대과,,식년시,전시,,1828.0,4.0,22.0,1828-03-09
1431,1829년_정시대과,대과,,정시,전시,,1829.0,10.0,18.0,1829-09-21
1432,1830년_정시대과,대과,,정시,전시,,1830.0,10.0,29.0,1830-09-13
1433,1831년_식년시대과,대과,,식년시,전시,,1831.0,4.0,24.0,1831-03-13
1434,1834년_식년시대과,대과,,전시,전시,,1834.0,4.0,25.0,1834-03-17
1435,1835년_별시대과,대과,,별시,전시,,1835.0,9.0,28.0,1835-08-07
1436,1835년_증광시대과,대과,,증광시,초시,초장,1835.0,8.0,19.0,1835-06-25
1437,1835년_증광시대과,대과,,증광시,초시,중장,1835.0,8.0,19.0,1835-06-25
1438,1835년_증광시대과,대과,,증광시,초시,종장,1835.0,8.0,19.0,1835-06-25
1439,1835년_증광시대과,대과,,증광시,복시,초장,1835.0,10.0,1.0,1835-08-10
1440,1835년_증광시대과,대과,,증광시,초시,종장,1835.0,10.0,1.0,1835-08-10
1441,1836년_정시대과,대과,,정시,,,1836.0,2.0,25.0,1836-01-09
1442,1837년_중시,대과,,중시,,,1836.0,2.0,29.0,1836-01-13
1443,1837년_식년시대과,대과,,식년시,전시,,1837.0,4.0,12.0,1837-03-08
1444,1837년_정시대과,대과,,정시,전시,,1837.0,10.0,11.0,1837-09-12
1445,1838년_정시대과,대과,,정시,전시,,1838.0,4.0,17.0,1838-03-23
1446,1838년_알성시대과,대과,,알성시,전시,,1838.0,4.0,21.0,1838-03-27
1447,1838년_함경도도과대과,대과,,함경도대과,,,1838.0,9.0,29.0,1838-08-11
1448,1839년_정시대과,대과,,정시,전시,,1839.0,4.0,20.0,1839-03-07
1449,1840년_식년시대과,대과,,식년시,전시,,1840.0,4.0,4.0,1840-03-03
1450,1841년_정시대과,대과,,정시,전시,,1841.0,3.0,13.0,1841-02-21
1451,1843년_식년시대과,대과,,전시,전시,,1843.0,4.0,9.0,1843-03-10
1452,1844년_증광시대과,대과,,증광시,초시,초장,1844.0,2.0,29.0,1844-01-12
1453,1844년_증광시대과,대과,,증광시,초시,중장,1844.0,2.0,29.0,1844-01-12
1454,1844년_증광시대과,대과,,증광시,초시,종장,1844.0,2.0,29.0,1844-01-12
1455,1844년_증광시대과,대과,,증광시,복시,초장,1844.0,4.0,8.0,1844-02-21
1456,1844년_증광시대과,대과,,증광시,복시,종장,1844.0,4.0,8.0,1844-02-21
1457,1844년_증광시대과,대과,,증광시,전시,,1844.0,4.0,20.0,1844-03-03
1458,1845년_증광시대과,대과,,증광시,전시,,1845.0,4.0,10.0,1845-03-04
1459,1846년_정시대과,대과,,증광시,전시,,1846.0,2.0,25.0,1846-01-30
1460,1846년_중시대과,대과,,중시,전시,,1846.0,3.0,13.0,1846-02-16
1461,1846년_식년시대과,대과,,식년시,전시,,1846.0,3.0,15.0,1846-02-18
1462,1847년_정시대과,대과,,정시,전시,,1847.0,2.0,26.0,1847-01-12
1463,1848년_증광시대과,대과,,증광시,초시,초장,1848.0,4.0,1.0,1848-02-28
1464,1848년_증광시대과,대과,,증광시,초시,중장,1848.0,4.0,1.0,1848-02-28
1465,1848년_증광시대과,대과,,증광시,초시,종장,1848.0,4.0,1.0,1848-02-28
1466,1848년_증광시대과,대과,,증광시,복시,초장,1848.0,5.0,22.0,1848-04-20
1467,1848년_증광시대과,대과,,증광시,복시,종장,1848.0,5.0,22.0,1848-04-20
1468,1848년_증광시대과,대과,,증광시,전시,,1848.0,5.0,30.0,1848-04-28
1469,1848년_정시대과,대과,,정시,전시,,1848.0,10.0,30.0,1848-10-04
1470,1849년_식년시,대과,,식년시,전시,,1849.0,4.0,8.0,1849-03-16
1471,1849년_정시대과,대과,,정시,전시,,1849.0,4.0,20.0,1849-03-28
1472,1849년_정시대과,대과,,정시,전시,,1850.0,4.0,28.0,1850-03-17
1473,1850년_증광시대과,대과,,증광시,전시,,1850.0,4.0,28.0,1850-03-17
1474,1851년_식년시소과_초장,소과,,식년시,초시,초장,1851.0,8.0,7.0,1851-07-11
1475,1851년_식년시소과_종장,소과,,식년시,초시,종장,1851.0,8.0,9.0,1851-07-13
1476,1851년_식년시소과_초장,소과,,식년시,복시,초장,1852.0,2.0,12.0,1851-12-23
1477,1851년_식년시소과_종장,소과,,식년시,복시,종장,1852.0,2.0,14.0,1851-12-25
1478,1854년_식년시소과_초장,소과,,식년시,초시,초장,1854.0,8.0,19.0,1854-07-26
1479,1854년_식년시소과_종장,소과,,식년시,초시,종장,1854.0,8.0,21.0,1854-07-28
1480,1855년_식년시소과_초장,소과,,식년시,복시,초장,1855.0,2.0,18.0,1855-01-02
1481,1855년_식년시소과_종장,소과,,식년시,복시,종장,1855.0,2.0,20.0,1855-01-04
1482,1858년_식년시소과_초장,소과,,식년시,초시,초장,1858.0,8.0,8.0,1858-06-29
1483,1858년_식년시소과_종장,소과,,식년시,초시,종장,1858.0,8.0,10.0,1858-07-02
1484,1858년_식년시소과_초장,소과,,식년시,복시,초장,1858.0,9.0,9.0,1858-08-03
1485,1858년_식년시소과_종장,소과,,식년시,복시,종장,1858.0,9.0,11.0,1858-08-05
1486,1859년_증광시소과_초장,소과,,증광시,초시,초장,1859.0,1.0,19.0,1858-12-16
1487,1859년_증광시소과_종장,소과,,증광시,초시,종장,1859.0,1.0,21.0,1858-12-18
1488,1859년_증광시소과_초장,소과,,증광시,복시,초장,1859.0,2.0,19.0,1859-01-17
1489,1859년_증광시소과_종장,소과,,증광시,복시,종장,1859.0,2.0,21.0,1859-01-19
1490,1861년_식년시소과_초장,소과,,식년시,초시,초장,1861.0,2.0,18.0,1861-01-09
1491,1861년_식년시소과_종장,소과,,식년시,초시,종장,1861.0,2.0,20.0,1861-01-11
1492,1861년_식년시소과_초장,소과,,식년시,복시,초장,1861.0,3.0,27.0,1861-02-17
1493,1861년_식년시소과_종장,소과,,식년시,복시,종장,1861.0,3.0,29.0,1861-02-19
1494,1864년_증광시소과_초장,소과,,증광시,초시,초장,1864.0,7.0,29.0,1864-06-26
1495,1864년_증광시소과_초장,소과,,증광시,초시,종장,1864.0,8.0,1.0,1864-06-29
1496,1864년_증광시소과_초장,소과,,증광시,복시,초장,1864.0,9.0,15.0,1864-08-15
1497,1864년_증광시소과_초장,소과,,증광시,복시,종장,1864.0,9.0,17.0,1864-08-17
1498,1865년_식년시소과_초장,소과,,식년시,초시,초장,1865.0,2.0,10.0,1865-01-15
1499,1865년_식년시소과_종장,소과,,식년시,초시,종장,1865.0,2.0,12.0,1865-01-17
1500,1865년_식년시소과_초장,소과,,식년시,복시,초장,1865.0,3.0,20.0,1865-02-23
1501,1865년_식년시소과_종장,소과,,식년시,복시,종장,1865.0,3.0,22.0,1865-02-25
1502,1866년_식년시소과_초장,소과,,식년시,초시,초장,1866.0,8.0,19.0,1866-07-10
1503,1866년_식년시소과_종장,소과,,식년시,초시,종장,1866.0,8.0,21.0,1866-07-12
1504,1866년_식년시소과_초장,소과,,식년시,복시,초장,1867.0,2.0,19.0,1867-01-15
1505,1866년_식년시소과_종장,소과,,식년시,복시,종장,1867.0,2.0,21.0,1867-01-17
1506,1869년_식년시소과_초장,소과,,식년시,초시,초장,1869.0,9.0,15.0,1869-08-10
1507,1869년_식년시소과_종장,소과,,식년시,초시,종장,1869.0,9.0,17.0,1869-08-12
1508,1870년_식년시소과_초장,소과,,식년시,복시,초장,1870.0,2.0,19.0,1870-01-20
1509,1870년_식년시소과_종장,소과,,식년시,복시,종장,1870.0,2.0,21.0,1870-01-22
1510,1872년_식년시소과_초장,소과,,식년시,초시,초장,1872.0,8.0,20.0,1872-07-17
1511,1872년_식년시소과_종장,소과,,식년시,초시,종장,1872.0,8.0,22.0,1872-07-19
1512,1873년_식년시소과_초장,소과,,식년시,복시,초장,1873.0,2.0,18.0,1873-01-21
1513,1873년_식년시소과_종장,소과,,식년시,복시,종장,1873.0,2.0,20.0,1873-01-23
1514,1874년_증광시소과_초장,소과,,증광시,초시,초장,1874.0,3.0,22.0,1874-02-05
1515,1874년_증광시소과_종장,소과,,증광시,초시,종장,1874.0,3.0,24.0,1874-02-07
1516,1874년_증광시소과_초장,소과,,증광시,복시,초장,1874.0,4.0,22.0,1874-03-07
1517,1874년_증광시소과종장,소과,,증광시,복시,종장,1874.0,4.0,24.0,1874-03-09
1518,1875년_식년시소과_초장,소과,,식년시,초시,초장,1875.0,8.0,20.0,1875-07-20
1519,1875년_식년시소과_종장,소과,,식년시,초시,종장,1875.0,8.0,22.0,1875-07-22
1520,1876년_식년시소과_초장,소과,,식년시,복시,초장,1876.0,2.0,10.0,1876-01-16
1521,1876년_식년시소과_종장,소과,,식년시,복시,종장,1876.0,2.0,12.0,1876-01-18
1522,1879년_식년시소과_초장,소과,,식년시,초시,초장,1879.0,1.0,19.0,1878-12-27
1523,1879년_식년시소과_초장,소과,,식년시,초시,종장,1879.0,1.0,21.0,1878-12-29
1524,1879년_식년시소과_초장,소과,,식년시,복시,초장,1879.0,3.0,10.0,1879-02-18
1525,1879년_식년시소과_초장,소과,,식년시,복시,종장,1879.0,3.0,12.0,1879-02-20
1526,1880년_증광시소과_초장,소과,,증광시,초시,초장,1880.0,4.0,18.0,1880-03-10
1527,1880년_증광시소과_종장,소과,,증광시,초시,종장,1880.0,4.0,20.0,1880-03-12
1528,1880년_증광시소과_초장,소과,,증광시,복시,초장,1880.0,6.0,11.0,1880-05-04
1529,1880년_증광시소과_종장,소과,,증광시,복시,종장,1880.0,6.0,13.0,1880-05-06
1530,1881년_식년시소과_초장,소과,,식년시,초시,초장,1881.0,8.0,20.0,1881-07-26
1531,1881년_식년시소과_종장,소과,,식년시,초시,종장,1881.0,8.0,22.0,1881-07-28
1532,1882년_식년시소과_초장,소과,,식년시,복시,초장,1882.0,2.0,27.0,1882-01-10
1533,1882년_식년시소과_종장,소과,,식년시,복시,종장,1882.0,2.0,29.0,0000-00-00
1534,1882년_증광시소과_초장,소과,,증광시,초시,초장,1882.0,4.0,18.0,1882-03-01
1535,1882년_증광시소과_종장,소과,,증광시,초시,종장,1882.0,4.0,20.0,1882-03-03
1536,1882년_증광시소과_초장,소과,,증광시,복시,초장,1882.0,9.0,24.0,1882-08-13
1537,1882년_증광시소과_종장,소과,,증광시,복시,종장,1882.0,9.0,26.0,1882-08-15
1538,1884년_식년시소과_초장,소과,,식년시,초시,초장,1884.0,8.0,19.0,1884-06-29
1539,1884년_식년시소과_종장,소과,,식년시,초시,종장,1884.0,8.0,21.0,1884-07-01
1540,1885년_식년시소과_초장,소과,,식년시,복시,초장,1885.0,2.0,22.0,1885-01-08
1541,1885년_식년시소과_종장,소과,,식년시,복시,종장,1885.0,2.0,24.0,1885-01-10
1542,1885년_증광시소과_초장,소과,,증광시,초시,초장,1885.0,5.0,13.0,1885-03-29
1543,1885년_증광시소과_종장,소과,,증광시,초시,종장,1885.0,5.0,15.0,1885-04-02
1544,1885년_증광시소과_초장,소과,,증광시,복시,초장,1885.0,7.0,27.0,1885-06-16
1545,1885년_증광시소과_종장,소과,,증광시,복시,종장,1885.0,7.0,29.0,1885-06-18
1546,1887년_식년시소과_초장,소과,,식년시,초시,초장,1887.0,8.0,16.0,1887-06-27
1547,1887년_식년시소과_종장,소과,,식년시,초시,종장,1887.0,8.0,16.0,1887-06-27
1548,1887년_식년시소과_초장,소과,,식년시,초시,초장,1887.0,8.0,18.0,1887-06-29
1549,1887년_식년시소과_종장,소과,,식년시,초시,종장,1887.0,8.0,18.0,1887-06-29
1550,1887년_식년시소과_초장,소과,,식년시,복시,초장,1888.0,2.0,19.0,1888-01-08
1551,1887년_식년시소과_종장,소과,,식년시,복시,종장,1888.0,2.0,21.0,1888-01-10
1552,1891년_증광시소과_초장,소과,,증광시,초시,초장,1891.0,2.0,25.0,1891-01-17
1553,1891년_증광시소과_종장,소과,,증광시,초시,종장,1891.0,2.0,27.0,1891-01-19
1554,1891년_증광시소과_초장,소과,,증광시,복시,초장,1891.0,5.0,22.0,1891-04-15
1555,1891년_증광시소과_종장,소과,,증광시,복시,종장,1891.0,5.0,24.0,1891-04-17
1556,1891년_식년시소과_초장,소과,,식년시,초시,초장,1891.0,9.0,15.0,1891-08-13
1557,1891년_식년시소과_종장,소과,,식년시,초시,종장,1891.0,9.0,15.0,1891-08-13
1558,1891년_식년시소과_초장,소과,,식년시,복시,초장,1891.0,9.0,15.0,1891-08-13
1559,1891년_식년시소과_종장,소과,,식년시,복시,종장,1891.0,9.0,15.0,1891-08-13
1560,1893년_식년시소과_초장,소과,,식년시,초시,초장,1893.0,8.0,20.0,1893-07-09
1561,1893년_식년시소과_종장,소과,,식년시,초시,종장,1893.0,8.0,22.0,1893-07-11
1562,1894년_식년시소과_초장,소과,,식년시,복시,초장,1894.0,2.0,20.0,1894-01-15
1563,1894년_식년시소과_종장,소과,,식년시,복시,종장,1894.0,2.0,22.0,1894-01-17
1564,1851년_정시대과_전시,대과,,정시,,,1851.0,3.0,13.0,1851-02-11
1565,1851년_정시대과_전시,대과,,정시,,,1851.0,10.0,17.0,1851-08-23
1566,1851년_알성시대과_전시,대과,,알성시,,,1851.0,10.0,19.0,1851-08-25
1567,1852년_식년시대과,대과,,식년시,전시,,1852.0,4.0,9.0,1852-02-20
1568,1852년_정시대과_전시,대과,,정시,,,1852.0,10.0,15.0,1852-09-03
1569,1853년_정시대과,대과,,정시,전시,,1853.0,3.0,20.0,1853-02-11
1570,1854년_정시대과,대과,,정시,전시,,1854.0,2.0,27.0,1854-02-01
1571,1854년_기로정시대과_전시,대과,,기로정시,,,1854.0,5.0,15.0,1854-04-19
1572,1854년_제주별시대과_전시,대과,,제주별시,,,1854.0,7.0,29.0,1854-07-05
1573,1855년_정시대과,대과,,정시,전시,,1855.0,4.0,4.0,1855-02-18
1574,1855년_식년시대과,대과,,식년시,전시,,1855.0,4.0,9.0,1855-02-23
1575,1856년_별시대과,대과,,별시,전시,,1856.0,4.0,4.0,1856-02-29
1576,1856년_중시_전시,대과,,중시,,,1856.0,4.0,16.0,1856-03-12
1577,1856년_춘당대시대과_전시,대과,,춘당대시,전시,,1856.0,5.0,15.0,1856-04-12
1578,1856년_춘당대시대과_전시,대과,,춘당대시,전시,,1856.0,6.0,25.0,1856-05-23
1579,1857년_정시대과_전시,대과,,정시,,,1857.0,4.0,9.0,1857-03-15
1580,1858년_전시대과,대과,,정시,전시,,1858.0,4.0,29.0,1858-03-16
1581,1858년_정시대과_전시,대과,,정시,,,1858.0,9.0,17.0,1858-08-11
1582,1858년_식년시대과,대과,,식년시,전시,,1858.0,10.0,16.0,1858-09-10
1583,1859년_증광시대과_초장,대과,,증광시,초시,초장,1859.0,1.0,28.0,1858-12-25
1584,1859년_증광시대과_중장,대과,,증광시,초시,중장,1859.0,1.0,28.0,1858-12-25
1585,1859년_증광시대과_종장,대과,,증광시,초시,종장,1859.0,1.0,28.0,1858-12-25
1586,1859년_증광시대과,대과,,증광시,복시,초장,1859.0,3.0,6.0,1859-02-02
1587,1859년_증광시대과,대과,,증광시,복시,종장,1859.0,3.0,6.0,1859-02-02
1588,1859년_증광시대과,대과,,증광시,전시,,1859.0,3.0,13.0,1859-02-09
1589,1860년_정시대과_전시,대과,,정시,,,1860.0,3.0,12.0,1860-02-20
1590,1861년_정시대과,대과,,정시,전시,,1861.0,4.0,2.0,1861-02-23
1591,1861년_식년시대과,대과,,식년시,전시,,1861.0,4.0,25.0,1861-03-16
1592,1862년_정시대과_전시,대과,,정시,,,1862.0,3.0,10.0,1862-02-10
1593,1862년_정시대과,대과,,정시,전시,,1862.0,8.0,12.0,1862-07-17
1594,1863년_제주별시대과_전시,대과,,제주별시,,,1863.0,6.0,2.0,1863-04-16
1595,1864년_정시대과_전시,대과,,정시,,,1863.0,8.0,27.0,1863-07-14
1596,1864년_정시대과_전시,대과,,정시,,,1864.0,5.0,12.0,1864-04-07
1597,1864년_증광시대과,대과,,전시,,,1864.0,10.0,18.0,1864-09-18
1598,1865년_식년시대과,대과,,전시,,,1865.0,4.0,28.0,1865-04-04
1599,1866년_정시대과_전시,대과,,정시,,,1866.0,3.0,26.0,1866-02-10
1600,1866년_중시_전시,대과,,중시,,,1866.0,4.0,9.0,1866-02-24
1601,1866년_정시대과_전시,대과,,정시,,,1866.0,9.0,29.0,1866-08-21
1602,1866년_알성시대과_전시,대과,,알성시,,,1866.0,10.0,3.0,1866-08-25
1603,1866년_평안도도과대과_전시,대과,,평안도도과,,,1866.0,11.0,13.0,1866-10-07
1604,1866년_강화별시대과_전시,대과,,강화별시,,,1866.0,12.0,13.0,1866-11-07
1605,1866년_개성별시대과_전시,대과,,개성별시,,,1866.0,12.0,14.0,1866-11-08
1606,1867년_함경도도과대과_전시,대과,,함경도도과,,,1867.0,2.0,9.0,1867-01-05
1607,1870년_식년시대과,대과,,식년시,,,1867.0,4.0,9.0,1867-03-05
1608,1867년_정시대과_전시,대과,,정시,,,1867.0,9.0,17.0,1867-08-20
1609,1868년_정시대과_전시,대과,,정시,,,1868.0,3.0,11.0,1868-02-18
1610,1868년_정시대과_전시,대과,,정시,,,1868.0,3.0,20.0,1868-02-27
1611,1869년_정시대과_전시,대과,,정시,,,1869.0,3.0,20.0,1869-02-08
1612,1870년_정시대과_전시,대과,,정시,전시,,1870.0,3.0,22.0,1870-02-21
1613,1870년_식년시대과,대과,,식년시,,,1870.0,4.0,28.0,1870-03-28
1614,1871년_알성시대과_전시,대과,,알성시,,,1871.0,3.0,13.0,1871-01-23
1615,1871년_정시대과_전시,대과,,정시,,,1871.0,3.0,15.0,1871-01-25
1616,1872년_알성시대과_전시,대과,,알성시,,,1872.0,2.0,4.0,1871-12-26
1617,1872년_개성별시대과_전시,대과,,개성별시,,,1872.0,3.0,5.0,1872-01-26
1618,1872년_정시대과_전시,대과,,정시,,,1872.0,4.0,9.0,1872-03-02
1619,1873년_식년시대과_전시,대과,,식년시,,,1873.0,4.0,26.0,1873-03-30
1620,1873년_정시대과_전시,대과,,정시,,,1873.0,8.0,19.0,1873-06-27
1621,1874년_증광시대과_초장,대과,,증광시,초시,초장,1874.0,4.0,8.0,1874-02-22
1622,1874년_증광시대과_중장,대과,,증광시,초시,중장,1874.0,4.0,8.0,1874-02-22
1623,1874년_증광시대과_종장,대과,,증광시,초시,종장,1874.0,4.0,8.0,1874-02-22
1624,1874년_증광시대과_초장,대과,,증광시,복시,초장,1874.0,5.0,8.0,1874-03-23
1625,1874년_증광시대과_종장,대과,,증광시,복시,종장,1874.0,5.0,8.0,1874-03-23
1626,1874년_증광시대과,대과,,증광시,전시,,1874.0,5.0,15.0,1874-03-30
1627,1874년_정시대과_전시,대과,,정시,,,1874.0,9.0,9.0,1874-07-29
1628,1875년_별시대과,대과,,별시,전시,,1875.0,4.0,28.0,1875-03-23
1629,1876_정시대과_전시,대과,,정시,,,1876.0,3.0,6.0,1876-02-11
1630,1876년_중시_전시,대과,,중시,,,1876.0,3.0,12.0,1876-02-17
1631,1876년_식년시대과,대과,,식년시,전시,,1876.0,3.0,21.0,1876-02-26
1632,1876년_함경도도과대과_전시,대과,,함경도도과,,,1876.0,4.0,9.0,1876-03-15
1633,1877년_정시대과_전시,대과,,정시,,,1877.0,4.0,9.0,1877-02-26
1634,1877년_기로응제시대과_전시,대과,,기로응제시,,,1877.0,9.0,15.0,1877-08-09
1635,1878년_정시대과_전시,대과,,정시,,,1878.0,4.0,21.0,1878-03-19
1636,1879년_정시대과_전시,대과,,정시,,,1879.0,2.0,27.0,1879-02-07
1637,1879년_정시대과_전시,대과,,정시,,,1879.0,3.0,6.0,1879-02-14
1638,1879년_식년시대과_전시,대과,,식년시,전시,,1879.0,3.0,21.0,1879-02-29
1639,1880년_정시대과,대과,,정시,,,1880.0,5.0,19.0,1880-04-11
1640,1880년_증광시대과_초장,대과,,증광시,초시,초장,1880.0,6.0,1.0,1880-04-24
1641,1880년_증광시대과_초장,대과,,증광시,초시,중장,1880.0,6.0,1.0,1880-04-24
1642,1880년_증광시대과_중장,대과,,증광시,초시,종장,1880.0,6.0,1.0,1880-04-24
1643,1880년_증광시대과_초장,대과,,증광시,복시,초장,1880.0,6.0,19.0,1880-05-12
1644,1880년_증광시대과_종장,대과,,증광시,복시,종장,1880.0,6.0,19.0,1880-05-12
1645,1880년_증광시대과,대과,,증광시,전시,,1880.0,6.0,24.0,1880-05-17
1646,1880년_알성시대과_전시,대과,,알성시,,,1880.0,9.0,20.0,1880-08-16
1647,1880년_정시대과,대과,,정시,전시,,1880.0,10.0,29.0,1880-09-26
1648,1881년_정시대과_전시,대과,,정시,,,1881.0,3.0,27.0,1881-02-28
1649,1880년_별시대과,대과,,별시,전시,,1882.0,3.0,22.0,1882-02-04
1650,1882년_정시대과_전시,대과,,정시,,,1882.0,4.0,6.0,1882-02-19
1651,1882년_증광시대과_초장,대과,,증광시,초시,초장,1882.0,4.0,28.0,1882-03-11
1652,1882년_증광시대과_중장,대과,,증광시,초시,중장,1882.0,4.0,28.0,1882-03-11
1653,1882년_증광시대과_종장,대과,,증광시,초시,종장,1882.0,4.0,28.0,1882-03-11
1654,1882년_증광시대과_초장,대과,,증광시,복시,초장,1882.0,10.0,15.0,1882-09-04
1655,1882년_증광시대과_종장,대과,,증광시,복시,종장,1882.0,10.0,15.0,1882-09-04
1656,1882년_증광시대과,대과,,증광시,전시,,1882.0,10.0,20.0,1882-09-09
1657,1882년_별시대과,대과,,별시,전시,,1882.0,12.0,12.0,1882-11-03
1658,1883년_식년시대과,대과,,식년시,전시,,1883.0,3.0,12.0,1883-02-04
1659,1883년_별시대과,대과,,별시,전시,,1883.0,5.0,15.0,1883-04-09
1660,1885년_정시대과_전시,대과,,정시,,,1885.0,3.0,17.0,1885-02-01
1661,1885년_식년시대과,대과,,식년시,전시,,1885.0,4.0,16.0,1885-03-02
1662,1885년_증광시대과,대과,,증광시,전시,,1885.0,9.0,15.0,1885-08-07
1663,1886년_정시대과_전시,대과,,정시,,,1886.0,3.0,7.0,1886-02-02
1664,1886년_중시_전시,대과,,중시,,,1886.0,3.0,16.0,1886-02-11
1665,1886년_평안도도과대과_전시,대과,,평안도도과,,,1886.0,12.0,25.0,1886-12-01
1666,1887년_함경도도과대과_전시,대과,,함경도도과,,,1887.0,1.0,9.0,1886-12-16
1667,1887년_정시대과_전시,대과,,정시,,,1887.0,3.0,15.0,1887-02-21
1668,1887년_개성별시대과_전시,대과,,개성별시,,,1887.0,11.0,9.0,1887-09-24
1669,1887년_정시대과_전시,대과,,정시,,,1887.0,12.0,16.0,1887-11-02
1670,1888년_기로응제시대과_전시,대과,,기로응제시,,,1888.0,2.0,3.0,1887-12-22
1671,1888년_정시대과_전시,대과,,정시,,,1888.0,3.0,22.0,1888-02-10
1672,1888년_식년시대과,대과,,식년시,,,1888.0,4.0,19.0,1888-03-09
1673,1888년_별시대과,대과,,별시,,,1888.0,8.0,9.0,1888-07-02
1674,1889년_알성시대과_전시,대과,,알성시,,,1889.0,12.0,17.0,1889-11-25
1675,1890년_기로응제시대과_전시,대과,,기로응제시,,,1890.0,3.0,2.0,1890-02-12
1676,1890년_별시대과,대과,,별시,,,1890.0,11.0,27.0,1890-10-16
1677,1891년_정시대과_전시,대과,,정시,,,1891.0,3.0,21.0,1891-02-12
1678,1891년_정시대과_전시,대과,,정시,,,1891.0,4.0,2.0,1891-02-24
1679,1891년_증광시대과,대과,,증광시,,,1891.0,7.0,11.0,1891-06-06
1680,1891년_정시대과_전시,대과,,정시,,,1891.0,9.0,24.0,1891-08-22
1681,1891년_식년시대과,대과,,식년시,,,1891.0,11.0,11.0,1891-10-10
1682,1892년_별시대과,대과,,별시,전시,,1892.0,3.0,27.0,1892-02-29
1683,1892년_정시대과_전시,대과,,정시,,,1892.0,8.0,11.0,1892-06-19
1684,1892년_별시대과,대과,,별시,전시,,1892.0,8.0,16.0,1892-06-24
1685,1892년_알성시_전시,대과,,알성시,,,1892.0,9.0,16.0,1892-07-26
1686,1892년_별시대과,대과,,별시,전시,,1892.0,10.0,11.0,1892-08-21
1687,1893년_정시대과_전시,대과,,정시,,,1893.0,4.0,23.0,1893-03-08
1688,1893년_알성시_전시,대과,,알성시,,,1893.0,8.0,9.0,1893-06-28
1689,1893년_정시대과_전시,대과,,정시,,,1893.0,10.0,18.0,1893-09-09
1690,1893년_평안도영의과대과_전시,대과,,평안도영의과,,,1893.0,12.0,23.0,1893-11-16
1691,1894년_식년시대과,대과,,식년시,전시,,1894.0,5.0,15.0,1894-04-11
